num__passenger_count,num__distance_km,num__pickup_hour,num__pickup_day,num__pickup_month,num__pickup_weekday,num__rush_hour,num__is_weekend,cat__vendor_id_1,cat__vendor_id_2,cat__store_and_fwd_flag_N,cat__store_and_fwd_flag_Y,Actual,Predicted,Error,Absolute_Error
-0.47358878196228,-1.109205045435367,1.4668038663393788,-1.0889622090487927,0.297771679109084,-0.5379496234942243,-0.9245270618678236,-0.6349046544852895,0.0,1.0,1.0,0.0,1752,207.99274,1544.0072631835938,1544.0072631835938
-0.47358878196228,-1.2102781981452622,0.3694365186530692,0.4043760736331627,-1.4882289422897863,-1.0492787341945071,1.0816341037975656,-0.6349046544852895,1.0,0.0,1.0,0.0,1711,222.8807,1488.1192932128906,1488.1192932128906
-0.47358878196228,-1.2120236825269168,0.3694365186530692,-1.0889622090487927,-1.4882289422897863,-0.5379496234942243,1.0816341037975656,-0.6349046544852895,1.0,0.0,1.0,0.0,1661,190.75305,1470.2469482421875,1470.2469482421875
-0.47358878196228,-1.448018416330306,1.1532703384290046,-0.974090033457873,0.8931052195753741,0.9960377086066246,-0.9245270618678236,1.5750396424651971,1.0,0.0,1.0,0.0,1661,192.29068,1468.7093200683594,1468.7093200683594
-0.47358878196228,-1.4536414175275556,-1.9820649406747368,-1.0889622090487927,0.8931052195753741,0.4847085979063416,-0.9245270618678236,-0.6349046544852895,1.0,0.0,1.0,0.0,1553,96.566765,1456.433235168457,1456.433235168457
-0.47358878196228,-1.3349318147549047,-1.3549978848539883,-0.7443456822760337,-0.8928954018234964,-1.0492787341945071,-0.9245270618678236,-0.6349046544852895,1.0,0.0,1.0,0.0,1585,139.57193,1445.4280700683594,1445.4280700683594
-0.47358878196228,-1.0064915390122608,0.2126697546978821,1.2084813027696002,-0.8928954018234964,0.4847085979063416,-0.9245270618678236,-0.6349046544852895,1.0,0.0,1.0,0.0,1763,318.01352,1444.9864807128906,1444.9864807128906
-0.47358878196228,-1.2153128911053743,-0.8846975929884272,-0.2848569799123551,0.297771679109084,-0.5379496234942243,1.0816341037975656,-0.6349046544852895,1.0,0.0,1.0,0.0,1697,260.2746,1436.7254028320312,1436.7254028320312
-0.47358878196228,-1.444635389701462,0.2126697546978821,0.2895038980422431,0.8931052195753741,-0.5379496234942243,-0.9245270618678236,-0.6349046544852895,0.0,1.0,1.0,0.0,1627,192.50662,1434.4933776855469,1434.4933776855469
-0.47358878196228,-1.1400811895519165,-0.414397301122866,1.0936091271786803,-0.8928954018234964,-0.0266205127939412,-0.9245270618678236,-0.6349046544852895,0.0,1.0,1.0,0.0,1732,304.16037,1427.8396301269531,1427.8396301269531
-0.47358878196228,-1.4528968057534983,-0.1008637732124919,1.32335347836052,-0.2975618613572061,1.5073668193069074,-0.9245270618678236,1.5750396424651971,1.0,0.0,1.0,0.0,1498,72.78349,1425.2165069580078,1425.2165069580078
-0.47358878196228,-1.0874684643066297,-0.7279308290332401,1.2084813027696002,-0.8928954018234964,0.4847085979063416,1.0816341037975656,-0.6349046544852895,0.0,1.0,1.0,0.0,1718,305.18735,1412.8126525878906,1412.8126525878906
-0.47358878196228,-1.4122450677121996,-0.414397301122866,0.1746317224513234,0.8931052195753741,-1.0492787341945071,-0.9245270618678236,-0.6349046544852895,1.0,0.0,1.0,0.0,1747,335.4515,1411.5484924316406,1411.5484924316406
-0.47358878196228,-1.3027484774417548,0.8397368105186305,1.2084813027696002,1.4884387600416644,1.5073668193069074,1.0816341037975656,1.5750396424651971,1.0,0.0,1.0,0.0,1676,266.5068,1409.4931945800781,1409.4931945800781
-0.47358878196228,-1.2063071801021674,-0.7279308290332401,0.978736951587761,-0.8928954018234964,-0.5379496234942243,1.0816341037975656,-0.6349046544852895,0.0,1.0,1.0,0.0,1690,283.53387,1406.4661254882812,1406.4661254882812
-0.47358878196228,-1.4335518849481672,1.1532703384290046,-1.2038343846397124,1.4884387600416644,1.5073668193069074,-0.9245270618678236,1.5750396424651971,0.0,1.0,1.0,0.0,1662,264.5336,1397.4664001464844,1397.4664001464844
-0.47358878196228,-1.4140208220232804,0.6829700465634434,-1.663323087003391,1.4884387600416644,-0.5379496234942243,1.0816341037975656,-0.6349046544852895,1.0,0.0,1.0,0.0,1661,266.04205,1394.9579467773438,1394.9579467773438
-0.47358878196228,-1.4610505445909634,-2.138831704629924,1.0936091271786803,0.8931052195753741,-0.5379496234942243,-0.9245270618678236,-0.6349046544852895,1.0,0.0,1.0,0.0,1505,130.68135,1374.3186492919922,1374.3186492919922
-0.47358878196228,-1.4066554065871406,0.5262032826082563,1.32335347836052,-0.8928954018234964,0.9960377086066246,1.0816341037975656,1.5750396424651971,1.0,0.0,1.0,0.0,1638,265.53638,1372.463623046875,1372.463623046875
-0.47358878196228,-1.4543459536126366,-0.7279308290332401,-0.7443456822760337,0.297771679109084,0.9960377086066246,1.0816341037975656,1.5750396424651971,1.0,0.0,1.0,0.0,1423,54.940327,1368.0596733093262,1368.0596733093262
-0.47358878196228,-1.0196263724039547,0.5262032826082563,0.978736951587761,0.8931052195753741,-1.0492787341945071,1.0816341037975656,-0.6349046544852895,0.0,1.0,1.0,0.0,1723,355.9648,1367.0351867675781,1367.0351867675781
-0.47358878196228,-1.1656929608177415,0.3694365186530692,1.2084813027696002,-0.8928954018234964,0.4847085979063416,1.0816341037975656,-0.6349046544852895,0.0,1.0,1.0,0.0,1593,227.57823,1365.4217681884766,1365.4217681884766
-0.47358878196228,-0.598298988977759,-0.5711640650780532,1.5530978295423592,0.8931052195753741,1.5073668193069074,1.0816341037975656,1.5750396424651971,1.0,0.0,1.0,0.0,1701,335.63873,1365.3612670898438,1365.3612670898438
-0.47358878196228,-1.041839963872167,-0.1008637732124919,1.6679700051332789,-0.2975618613572061,-0.5379496234942243,-0.9245270618678236,-0.6349046544852895,1.0,0.0,1.0,0.0,1713,353.50412,1359.4958801269531,1359.4958801269531
-0.47358878196228,-1.252455936558842,-0.414397301122866,-1.2038343846397124,1.4884387600416644,1.5073668193069074,-0.9245270618678236,1.5750396424651971,1.0,0.0,1.0,0.0,1601,241.92572,1359.0742797851562,1359.0742797851562
-0.47358878196228,-1.3789978338235824,0.6829700465634434,0.2895038980422431,0.8931052195753741,-0.5379496234942243,1.0816341037975656,-0.6349046544852895,0.0,1.0,1.0,0.0,1696,341.55826,1354.4417419433594,1354.4417419433594
-0.47358878196228,-1.3776392760997411,0.8397368105186305,-0.0551126287305158,0.297771679109084,0.4847085979063416,1.0816341037975656,-0.6349046544852895,0.0,1.0,1.0,0.0,1663,313.65698,1349.343017578125,1349.343017578125
1.419992464497724,-1.2624811665422675,0.3694365186530692,0.2895038980422431,-0.2975618613572061,0.4847085979063416,1.0816341037975656,-0.6349046544852895,0.0,1.0,1.0,0.0,1579,237.34991,1341.6500854492188,1341.6500854492188
1.419992464497724,-1.4567144462885675,-1.3549978848539883,0.8638647759968413,-0.2975618613572061,-0.5379496234942243,-0.9245270618678236,-0.6349046544852895,1.0,0.0,1.0,0.0,1523,187.834,1335.166000366211,1335.166000366211
-0.47358878196228,-1.235822486349522,0.3694365186530692,0.2895038980422431,-0.8928954018234964,-0.0266205127939412,1.0816341037975656,-0.6349046544852895,0.0,1.0,1.0,0.0,1573,242.3012,1330.6988067626953,1330.6988067626953
1.419992464497724,-1.063617198009038,1.4668038663393788,-1.663323087003391,0.297771679109084,0.4847085979063416,-0.9245270618678236,-0.6349046544852895,1.0,0.0,1.0,0.0,1666,337.0047,1328.9953002929688,1328.9953002929688
-0.47358878196228,-1.2303434165374436,-0.5711640650780532,0.5192482492240824,-0.2975618613572061,1.5073668193069074,1.0816341037975656,1.5750396424651971,1.0,0.0,1.0,0.0,1480,155.72371,1324.2762908935547,1324.2762908935547
-0.47358878196228,-0.970041939998087,1.1532703384290046,0.1746317224513234,0.8931052195753741,-1.0492787341945071,-0.9245270618678236,-0.6349046544852895,0.0,1.0,1.0,0.0,1611,288.36606,1322.6339416503906,1322.6339416503906
1.419992464497724,-0.8652095843234366,-0.1008637732124919,-0.1699848043214355,-0.8928954018234964,1.5073668193069074,-0.9245270618678236,1.5750396424651971,0.0,1.0,1.0,0.0,1703,386.17276,1316.8272399902344,1316.8272399902344
-0.47358878196228,-1.243872672081175,-0.257630537167679,0.978736951587761,-1.4882289422897863,1.5073668193069074,-0.9245270618678236,1.5750396424651971,0.0,1.0,1.0,0.0,1568,251.25383,1316.7461700439453,1316.7461700439453
-0.47358878196228,-0.8614236073737992,-1.0414643569436144,-0.2848569799123551,-1.4882289422897863,-0.5379496234942243,1.0816341037975656,-0.6349046544852895,0.0,1.0,1.0,0.0,1621,307.96973,1313.0302734375,1313.0302734375
-0.47358878196228,-1.191499353578047,-2.138831704629924,0.8638647759968413,-1.4882289422897863,0.9960377086066246,-0.9245270618678236,1.5750396424651971,1.0,0.0,1.0,0.0,1563,250.33914,1312.6608581542969,1312.6608581542969
-0.47358878196228,-1.4286237987164587,0.5262032826082563,-0.0551126287305158,0.8931052195753741,1.5073668193069074,1.0816341037975656,1.5750396424651971,0.0,1.0,1.0,0.0,1625,319.4325,1305.5675048828125,1305.5675048828125
1.419992464497724,-0.5688874289494551,-0.414397301122866,1.2084813027696002,1.4884387600416644,1.5073668193069074,-0.9245270618678236,1.5750396424651971,1.0,0.0,1.0,0.0,1763,462.85184,1300.1481628417969,1300.1481628417969
-0.47358878196228,-1.0800614788857077,0.3694365186530692,0.1746317224513234,-0.8928954018234964,-0.5379496234942243,1.0816341037975656,-0.6349046544852895,1.0,0.0,1.0,0.0,1590,290.2654,1299.7345886230469,1299.7345886230469
1.419992464497724,-1.1270271918121388,0.0559029907426951,-1.2038343846397124,1.4884387600416644,1.5073668193069074,-0.9245270618678236,1.5750396424651971,1.0,0.0,1.0,0.0,1637,337.68262,1299.3173828125,1299.3173828125
-0.47358878196228,-0.1626177718533126,-2.138831704629924,-1.5484509114124714,-0.2975618613572061,-0.5379496234942243,-0.9245270618678236,-0.6349046544852895,0.0,1.0,1.0,0.0,1762,464.618,1297.3819885253906,1297.3819885253906
3.313573710957728,-1.0084995691772485,0.8397368105186305,-1.0889622090487927,1.4884387600416644,-1.56060784489479,1.0816341037975656,-0.6349046544852895,0.0,1.0,1.0,0.0,1598,301.8704,1296.1296081542969,1296.1296081542969
-0.47358878196228,-1.4530755271620748,1.3100371023841917,0.2895038980422431,-1.4882289422897863,-1.56060784489479,-0.9245270618678236,-0.6349046544852895,0.0,1.0,1.0,0.0,1505,209.59654,1295.4034576416016,1295.4034576416016
-0.47358878196228,-1.4404729243497958,1.4668038663393788,1.5530978295423592,-1.4882289422897863,0.4847085979063416,-0.9245270618678236,-0.6349046544852895,0.0,1.0,1.0,0.0,1599,307.48752,1291.5124816894531,1291.5124816894531
-0.47358878196228,-0.5726183109184334,-1.9820649406747368,-0.974090033457873,-0.8928954018234964,1.5073668193069074,-0.9245270618678236,1.5750396424651971,0.0,1.0,1.0,0.0,1710,418.53705,1291.4629516601562,1291.4629516601562
-0.47358878196228,-1.206742213366293,0.0559029907426951,-0.8592178578669534,-0.8928954018234964,-1.56060784489479,-0.9245270618678236,-0.6349046544852895,0.0,1.0,1.0,0.0,1518,226.64984,1291.3501586914062,1291.3501586914062
-0.47358878196228,-1.1649007006232055,0.6829700465634434,-0.3997291555032748,1.4884387600416644,1.5073668193069074,1.0816341037975656,1.5750396424651971,1.0,0.0,1.0,0.0,1528,238.00012,1289.9998779296875,1289.9998779296875
-0.47358878196228,-0.3951821900184116,1.3100371023841917,-0.974090033457873,-1.4882289422897863,-0.0266205127939412,-0.9245270618678236,-0.6349046544852895,0.0,1.0,1.0,0.0,1752,466.15765,1285.8423461914062,1285.8423461914062
-0.47358878196228,-1.326334957089106,0.8397368105186305,-0.8592178578669534,1.4884387600416644,-0.5379496234942243,1.0816341037975656,-0.6349046544852895,0.0,1.0,1.0,0.0,1570,284.30692,1285.6930847167969,1285.6930847167969
-0.47358878196228,-1.4080211972719907,-1.9820649406747368,0.5192482492240824,-0.8928954018234964,0.9960377086066246,-0.9245270618678236,1.5750396424651971,0.0,1.0,1.0,0.0,1571,285.37195,1285.6280517578125,1285.6280517578125
-0.47358878196228,-1.4555994243169286,1.3100371023841917,-1.4335787358215517,-0.8928954018234964,-0.5379496234942243,-0.9245270618678236,-0.6349046544852895,1.0,0.0,1.0,0.0,1423,141.63702,1281.3629760742188,1281.3629760742188
-0.47358878196228,-1.308283728639802,-0.1008637732124919,-0.6294735066851141,0.297771679109084,1.5073668193069074,-0.9245270618678236,1.5750396424651971,0.0,1.0,1.0,0.0,1543,262.2727,1280.727294921875,1280.727294921875
1.419992464497724,-0.7876583495905675,0.6829700465634434,-0.3997291555032748,0.297771679109084,-1.0492787341945071,1.0816341037975656,-0.6349046544852895,0.0,1.0,1.0,0.0,1728,451.51385,1276.4861450195312,1276.4861450195312
3.313573710957728,-0.9494504876935814,1.4668038663393788,1.6679700051332789,-1.4882289422897863,0.9960377086066246,-0.9245270618678236,1.5750396424651971,1.0,0.0,1.0,0.0,1684,413.13647,1270.863525390625,1270.863525390625
-0.47358878196228,-1.1743807863381344,-0.1008637732124919,-1.318706560230632,0.8931052195753741,-0.5379496234942243,-0.9245270618678236,-0.6349046544852895,1.0,0.0,1.0,0.0,1582,311.37128,1270.6287231445312,1270.6287231445312
-0.47358878196228,-0.8093331567307198,-0.7279308290332401,-1.4335787358215517,-0.2975618613572061,-0.0266205127939412,1.0816341037975656,-0.6349046544852895,1.0,0.0,1.0,0.0,1756,487.68387,1268.3161315917969,1268.3161315917969
1.419992464497724,-1.3876852643656283,1.4668038663393788,0.7489926004059216,-0.8928954018234964,-1.56060784489479,-0.9245270618678236,-0.6349046544852895,0.0,1.0,1.0,0.0,1574,306.04303,1267.9569702148438,1267.9569702148438
-0.47358878196228,-0.8141682869960496,0.6829700465634434,-1.5484509114124714,-1.4882289422897863,0.9960377086066246,1.0816341037975656,1.5750396424651971,0.0,1.0,1.0,0.0,1678,410.39792,1267.6020812988281,1267.6020812988281
-0.47358878196228,-1.0129791981178808,-0.257630537167679,0.2895038980422431,0.8931052195753741,-0.5379496234942243,-0.9245270618678236,-0.6349046544852895,0.0,1.0,1.0,0.0,1706,440.19662,1265.8033752441406,1265.8033752441406
-0.47358878196228,-1.052108483172045,-0.5711640650780532,-1.318706560230632,0.8931052195753741,-0.5379496234942243,1.0816341037975656,-0.6349046544852895,1.0,0.0,1.0,0.0,1638,373.06622,1264.9337768554688,1264.9337768554688
-0.47358878196228,-0.6666023052444362,-1.8252981767195493,-0.1699848043214355,-0.8928954018234964,1.5073668193069074,-0.9245270618678236,1.5750396424651971,0.0,1.0,1.0,0.0,1648,383.7245,1264.2755126953125,1264.2755126953125
-0.47358878196228,-1.085111026736315,-0.7279308290332401,0.1746317224513234,-0.8928954018234964,-0.5379496234942243,1.0816341037975656,-0.6349046544852895,1.0,0.0,1.0,0.0,1577,313.43393,1263.5660705566406,1263.5660705566406
-0.47358878196228,-0.7402038955522386,1.1532703384290046,1.2084813027696002,0.8931052195753741,-0.0266205127939412,-0.9245270618678236,-0.6349046544852895,1.0,0.0,1.0,0.0,1678,415.0622,1262.9378051757812,1262.9378051757812
-0.47358878196228,-1.4508379956234645,0.9965035744738177,-0.7443456822760337,1.4884387600416644,-0.0266205127939412,1.0816341037975656,-0.6349046544852895,0.0,1.0,1.0,0.0,1437,176.95888,1260.0411224365234,1260.0411224365234
-0.47358878196228,-0.9572859777327534,-1.0414643569436144,-0.3997291555032748,0.297771679109084,-1.0492787341945071,1.0816341037975656,-0.6349046544852895,0.0,1.0,1.0,0.0,1565,305.86923,1259.1307678222656,1259.1307678222656
-0.47358878196228,-0.5513012725756352,-1.5117646488091756,-0.0551126287305158,0.8931052195753741,1.5073668193069074,-0.9245270618678236,1.5750396424651971,1.0,0.0,1.0,0.0,1614,356.87534,1257.1246643066406,1257.1246643066406
1.419992464497724,-0.9229393320597504,0.5262032826082563,1.5530978295423592,-0.8928954018234964,-1.56060784489479,1.0816341037975656,-0.6349046544852895,0.0,1.0,1.0,0.0,1585,327.92606,1257.0739440917969,1257.0739440917969
-0.47358878196228,-1.3585424026414097,-0.7279308290332401,-1.4335787358215517,1.4884387600416644,0.4847085979063416,1.0816341037975656,-0.6349046544852895,0.0,1.0,1.0,0.0,1624,367.9172,1256.0827941894531,1256.0827941894531
-0.47358878196228,-0.5781077290089424,1.1532703384290046,-0.6294735066851141,-1.4882289422897863,1.5073668193069074,-0.9245270618678236,1.5750396424651971,1.0,0.0,1.0,0.0,1594,342.83878,1251.1612243652344,1251.1612243652344
-0.47358878196228,-1.4359337826424972,-0.7279308290332401,-1.318706560230632,-1.4882289422897863,-1.56060784489479,1.0816341037975656,-0.6349046544852895,1.0,0.0,1.0,0.0,1573,322.6767,1250.3233032226562,1250.3233032226562
1.419992464497724,-1.458045663576458,-0.8846975929884272,-0.6294735066851141,-0.8928954018234964,-0.5379496234942243,1.0816341037975656,-0.6349046544852895,1.0,0.0,1.0,0.0,1607,358.91705,1248.0829467773438,1248.0829467773438
1.419992464497724,-1.1252021763993036,0.8397368105186305,0.4043760736331627,0.8931052195753741,-0.0266205127939412,1.0816341037975656,-0.6349046544852895,1.0,0.0,1.0,0.0,1567,319.3642,1247.6358032226562,1247.6358032226562
-0.47358878196228,-0.9068584626705014,-0.257630537167679,-1.4335787358215517,-0.8928954018234964,-0.5379496234942243,-0.9245270618678236,-0.6349046544852895,1.0,0.0,1.0,0.0,1687,439.55075,1247.4492492675781,1247.4492492675781
-0.47358878196228,-1.4505613609668235,0.8397368105186305,-0.974090033457873,0.8931052195753741,0.9960377086066246,1.0816341037975656,1.5750396424651971,1.0,0.0,1.0,0.0,1409,161.95685,1247.0431518554688,1247.0431518554688
-0.47358878196228,-1.331026216021702,0.3694365186530692,1.0936091271786803,0.297771679109084,-1.56060784489479,1.0816341037975656,-0.6349046544852895,1.0,0.0,1.0,0.0,1469,222.77823,1246.2217712402344,1246.2217712402344
-0.47358878196228,-0.8809990763694169,-0.7279308290332401,1.0936091271786803,0.8931052195753741,-0.5379496234942243,1.0816341037975656,-0.6349046544852895,1.0,0.0,1.0,0.0,1713,468.17795,1244.8220520019531,1244.8220520019531
-0.47358878196228,-0.8211334653327969,0.6829700465634434,-0.1699848043214355,0.8931052195753741,0.9960377086066246,1.0816341037975656,1.5750396424651971,0.0,1.0,1.0,0.0,1698,453.49307,1244.5069274902344,1244.5069274902344
-0.47358878196228,-1.2496068035275034,-0.7279308290332401,-1.0889622090487927,0.8931052195753741,0.4847085979063416,1.0816341037975656,-0.6349046544852895,1.0,0.0,1.0,0.0,1516,272.97287,1243.0271301269531,1243.0271301269531
-0.47358878196228,-1.2639225411940544,0.5262032826082563,-0.8592178578669534,0.297771679109084,0.4847085979063416,1.0816341037975656,-0.6349046544852895,1.0,0.0,1.0,0.0,1476,232.98106,1243.0189361572266,1243.0189361572266
-0.47358878196228,-0.7929903475706432,-0.5711640650780532,0.2895038980422431,0.297771679109084,-1.56060784489479,1.0816341037975656,-0.6349046544852895,0.0,1.0,1.0,0.0,1714,471.14636,1242.8536376953125,1242.8536376953125
-0.47358878196228,-1.3605856661412217,0.8397368105186305,-0.2848569799123551,-0.8928954018234964,0.9960377086066246,1.0816341037975656,1.5750396424651971,0.0,1.0,1.0,0.0,1628,386.40463,1241.5953674316406,1241.5953674316406
-0.47358878196228,-1.0147022341058571,-1.9820649406747368,1.5530978295423592,1.4884387600416644,-0.5379496234942243,-0.9245270618678236,-0.6349046544852895,1.0,0.0,1.0,0.0,1453,213.17015,1239.829849243164,1239.829849243164
-0.47358878196228,-1.0602509320421252,-0.7279308290332401,-1.0889622090487927,0.297771679109084,-0.5379496234942243,1.0816341037975656,-0.6349046544852895,1.0,0.0,1.0,0.0,1596,356.94058,1239.0594177246094,1239.0594177246094
-0.47358878196228,-1.440371018331808,0.8397368105186305,0.1746317224513234,-0.8928954018234964,-0.5379496234942243,1.0816341037975656,-0.6349046544852895,1.0,0.0,1.0,0.0,1489,250.78253,1238.2174682617188,1238.2174682617188
-0.47358878196228,-0.8726159067340906,1.1532703384290046,-0.3997291555032748,0.8931052195753741,-0.0266205127939412,-0.9245270618678236,-0.6349046544852895,0.0,1.0,1.0,0.0,1605,367.46854,1237.5314636230469,1237.5314636230469
-0.47358878196228,-1.4298724507733007,-0.5711640650780532,1.4382256539514395,-1.4882289422897863,-0.0266205127939412,1.0816341037975656,-0.6349046544852895,0.0,1.0,1.0,0.0,1666,429.02017,1236.9798278808594,1236.9798278808594
1.419992464497724,-0.4920419708498345,-0.257630537167679,-0.7443456822760337,-1.4882289422897863,0.9960377086066246,-0.9245270618678236,1.5750396424651971,1.0,0.0,1.0,0.0,1741,504.45847,1236.5415344238281,1236.5415344238281
-0.47358878196228,-1.0955482351146302,0.0559029907426951,1.5530978295423592,-0.2975618613572061,-1.0492787341945071,-0.9245270618678236,-0.6349046544852895,1.0,0.0,1.0,0.0,1538,302.2175,1235.7825012207031,1235.7825012207031
1.419992464497724,-1.07332024676597,-0.7279308290332401,-1.4335787358215517,-0.2975618613572061,-0.0266205127939412,1.0816341037975656,-0.6349046544852895,1.0,0.0,1.0,0.0,1607,372.39496,1234.6050415039062,1234.6050415039062
-0.47358878196228,-0.8878613632139907,-0.7279308290332401,-1.2038343846397124,0.297771679109084,-1.0492787341945071,1.0816341037975656,-0.6349046544852895,1.0,0.0,1.0,0.0,1698,463.97372,1234.0262756347656,1234.0262756347656
-0.47358878196228,-0.473119618990085,-0.257630537167679,1.6679700051332789,0.8931052195753741,-1.56060784489479,-0.9245270618678236,-0.6349046544852895,1.0,0.0,1.0,0.0,1712,480.8398,1231.1601867675781,1231.1601867675781
3.313573710957728,-0.8263981135995154,0.8397368105186305,1.5530978295423592,1.4884387600416644,-0.5379496234942243,1.0816341037975656,-0.6349046544852895,1.0,0.0,1.0,0.0,1690,459.09454,1230.9054565429688,1230.9054565429688
-0.47358878196228,-1.3558002714841813,0.0559029907426951,-1.4335787358215517,-0.2975618613572061,-0.0266205127939412,-0.9245270618678236,-0.6349046544852895,0.0,1.0,1.0,0.0,1503,278.21106,1224.7889404296875,1224.7889404296875
-0.47358878196228,-0.880198110518611,-0.1008637732124919,0.5192482492240824,-0.2975618613572061,1.5073668193069074,-0.9245270618678236,1.5750396424651971,1.0,0.0,1.0,0.0,1550,326.98303,1223.0169677734375,1223.0169677734375
-0.47358878196228,-1.35846611322319,1.4668038663393788,-0.8592178578669534,1.4884387600416644,-0.5379496234942243,-0.9245270618678236,-0.6349046544852895,0.0,1.0,1.0,0.0,1538,315.81567,1222.184326171875,1222.184326171875
-0.47358878196228,-1.1135056307133044,-2.138831704629924,1.4382256539514395,0.8931052195753741,0.9960377086066246,-0.9245270618678236,1.5750396424651971,1.0,0.0,1.0,0.0,1471,252.69046,1218.3095397949219,1218.3095397949219
-0.47358878196228,-0.2140773706393388,-0.7279308290332401,1.2084813027696002,1.4884387600416644,1.5073668193069074,1.0816341037975656,1.5750396424651971,0.0,1.0,1.0,0.0,1698,481.32892,1216.6710815429688,1216.6710815429688
-0.47358878196228,-1.4490136390627424,0.5262032826082563,-0.1699848043214355,0.8931052195753741,0.9960377086066246,1.0816341037975656,1.5750396424651971,1.0,0.0,1.0,0.0,1380,166.7404,1213.2595977783203,1213.2595977783203
-0.47358878196228,-0.7715188761781031,0.5262032826082563,-0.6294735066851141,1.4884387600416644,0.4847085979063416,1.0816341037975656,-0.6349046544852895,0.0,1.0,1.0,0.0,1692,479.80832,1212.1916809082031,1212.1916809082031
1.419992464497724,-1.357938048180567,-0.1008637732124919,0.978736951587761,-1.4882289422897863,1.5073668193069074,-0.9245270618678236,1.5750396424651971,1.0,0.0,1.0,0.0,1588,376.1282,1211.8717956542969,1211.8717956542969
-0.47358878196228,-1.2027613090944742,-0.257630537167679,-0.2848569799123551,0.8931052195753741,0.4847085979063416,-0.9245270618678236,-0.6349046544852895,0.0,1.0,1.0,0.0,1529,319.49655,1209.5034484863281,1209.5034484863281
-0.47358878196228,-0.4676038059117988,0.9965035744738177,0.978736951587761,0.8931052195753741,-1.0492787341945071,1.0816341037975656,-0.6349046544852895,1.0,0.0,1.0,0.0,1715,505.72617,1209.2738342285156,1209.2738342285156
3.313573710957728,-1.0099276075860115,0.6829700465634434,1.2084813027696002,1.4884387600416644,1.5073668193069074,1.0816341037975656,1.5750396424651971,0.0,1.0,1.0,0.0,1512,305.7168,1206.283203125,1206.283203125
-0.47358878196228,-0.9379990250932542,-0.257630537167679,0.0597595468604037,1.4884387600416644,-0.0266205127939412,-0.9245270618678236,-0.6349046544852895,1.0,0.0,1.0,0.0,1664,460.93204,1203.0679626464844,1203.0679626464844
-0.47358878196228,-1.0736129429422054,-2.138831704629924,1.7828421807241983,-1.4882289422897863,1.5073668193069074,-0.9245270618678236,1.5750396424651971,0.0,1.0,1.0,0.0,1504,301.12195,1202.8780517578125,1202.8780517578125
-0.47358878196228,-0.6316068183853653,1.3100371023841917,-1.4335787358215517,1.4884387600416644,0.4847085979063416,-0.9245270618678236,-0.6349046544852895,0.0,1.0,1.0,0.0,1681,479.79614,1201.203857421875,1201.203857421875
1.419992464497724,-0.7674970168695624,-0.257630537167679,1.2084813027696002,0.297771679109084,-1.0492787341945071,-0.9245270618678236,-0.6349046544852895,0.0,1.0,1.0,0.0,1745,543.93256,1201.0674438476562,1201.0674438476562
-0.47358878196228,-0.6567672965375249,-0.8846975929884272,0.1746317224513234,-0.2975618613572061,-0.0266205127939412,1.0816341037975656,-0.6349046544852895,1.0,0.0,1.0,0.0,1726,528.49005,1197.5099487304688,1197.5099487304688
-0.47358878196228,-0.7619338751544119,-0.7279308290332401,-1.4335787358215517,-0.2975618613572061,-0.0266205127939412,1.0816341037975656,-0.6349046544852895,0.0,1.0,1.0,0.0,1720,522.99493,1197.0050659179688,1197.0050659179688
-0.47358878196228,-0.8981816609817558,0.2126697546978821,-0.7443456822760337,1.4884387600416644,-0.0266205127939412,-0.9245270618678236,-0.6349046544852895,1.0,0.0,1.0,0.0,1676,483.63428,1192.36572265625,1192.36572265625
-0.47358878196228,-1.434045616714704,0.2126697546978821,1.0936091271786803,-0.2975618613572061,0.4847085979063416,-0.9245270618678236,-0.6349046544852895,0.0,1.0,1.0,0.0,1434,241.99356,1192.0064392089844,1192.0064392089844
-0.47358878196228,-0.8409423808114115,0.2126697546978821,0.2895038980422431,0.8931052195753741,-0.5379496234942243,-0.9245270618678236,-0.6349046544852895,1.0,0.0,1.0,0.0,1705,515.51935,1189.4806518554688,1189.4806518554688
-0.47358878196228,-0.3087884968796733,-1.8252981767195493,0.6341204248150021,-0.8928954018234964,1.5073668193069074,-0.9245270618678236,1.5750396424651971,1.0,0.0,1.0,0.0,1667,479.37152,1187.6284790039062,1187.6284790039062
1.419992464497724,-0.2336080581562057,-1.8252981767195493,1.0936091271786803,-0.8928954018234964,-0.0266205127939412,-0.9245270618678236,-0.6349046544852895,0.0,1.0,1.0,0.0,1613,431.71545,1181.2845458984375,1181.2845458984375
-0.47358878196228,-0.7845583189419901,-0.7279308290332401,-0.974090033457873,-0.2975618613572061,-1.56060784489479,1.0816341037975656,-0.6349046544852895,1.0,0.0,1.0,0.0,1638,458.74026,1179.2597351074219,1179.2597351074219
-0.47358878196228,-1.2675325513647384,0.9965035744738177,1.4382256539514395,0.8931052195753741,0.9960377086066246,1.0816341037975656,1.5750396424651971,0.0,1.0,1.0,0.0,1435,257.0548,1177.9451904296875,1177.9451904296875
-0.47358878196228,-1.2432583534206971,0.9965035744738177,0.0597595468604037,-1.4882289422897863,0.9960377086066246,1.0816341037975656,1.5750396424651971,1.0,0.0,1.0,0.0,1440,263.16977,1176.8302307128906,1176.8302307128906
-0.47358878196228,-0.8300395831076789,-1.1982311208988017,-0.3997291555032748,-1.4882289422897863,-1.0492787341945071,-0.9245270618678236,-0.6349046544852895,0.0,1.0,1.0,0.0,1409,233.8867,1175.113296508789,1175.113296508789
3.313573710957728,-0.2426896415917835,1.4668038663393788,1.6679700051332789,-0.2975618613572061,-0.5379496234942243,-0.9245270618678236,-0.6349046544852895,1.0,0.0,1.0,0.0,1713,538.31726,1174.6827392578125,1174.6827392578125
-0.47358878196228,-1.3755545221574488,-0.1008637732124919,-0.7443456822760337,0.8931052195753741,-1.56060784489479,-0.9245270618678236,-0.6349046544852895,0.0,1.0,1.0,0.0,1465,293.2438,1171.7561950683594,1171.7561950683594
-0.47358878196228,-0.576728944325958,-1.1982311208988017,1.4382256539514395,-0.2975618613572061,-1.56060784489479,-0.9245270618678236,-0.6349046544852895,0.0,1.0,1.0,0.0,1500,330.18884,1169.8111572265625,1169.8111572265625
-0.47358878196228,-0.7849745784537131,0.5262032826082563,0.2895038980422431,-0.2975618613572061,0.4847085979063416,1.0816341037975656,-0.6349046544852895,1.0,0.0,1.0,0.0,1602,432.88187,1169.1181335449219,1169.1181335449219
3.313573710957728,-0.437045545169298,1.1532703384290046,-1.5484509114124714,-1.4882289422897863,0.9960377086066246,-0.9245270618678236,1.5750396424651971,1.0,0.0,1.0,0.0,1731,563.4722,1167.5277709960938,1167.5277709960938
-0.47358878196228,-1.036071706700441,-1.9820649406747368,0.4043760736331627,-0.2975618613572061,0.9960377086066246,-0.9245270618678236,1.5750396424651971,0.0,1.0,1.0,0.0,1430,262.69836,1167.3016357421875,1167.3016357421875
-0.47358878196228,-1.436289740946741,-0.1008637732124919,-0.1699848043214355,-0.8928954018234964,1.5073668193069074,-0.9245270618678236,1.5750396424651971,1.0,0.0,1.0,0.0,1439,273.44836,1165.5516357421875,1165.5516357421875
1.419992464497724,-0.925981599140773,-0.1008637732124919,1.4382256539514395,-0.2975618613572061,-1.56060784489479,-0.9245270618678236,-0.6349046544852895,0.0,1.0,1.0,0.0,1524,359.31882,1164.6811828613281,1164.6811828613281
1.419992464497724,-0.828533032461385,-0.1008637732124919,-0.2848569799123551,0.8931052195753741,0.4847085979063416,-0.9245270618678236,-0.6349046544852895,0.0,1.0,1.0,0.0,1660,496.7309,1163.2691040039062,1163.2691040039062
-0.47358878196228,-1.4229146787365987,1.4668038663393788,-1.2038343846397124,-1.4882289422897863,-1.0492787341945071,-0.9245270618678236,-0.6349046544852895,1.0,0.0,0.0,1.0,1451,287.8254,1163.1745910644531,1163.1745910644531
-0.47358878196228,-1.0535643966173325,0.6829700465634434,-1.5484509114124714,-1.4882289422897863,0.9960377086066246,1.0816341037975656,1.5750396424651971,1.0,0.0,1.0,0.0,1451,288.63474,1162.3652648925781,1162.3652648925781
-0.47358878196228,-0.320012047565309,-0.257630537167679,-0.3997291555032748,1.4884387600416644,1.5073668193069074,-0.9245270618678236,1.5750396424651971,0.0,1.0,1.0,0.0,1739,576.8265,1162.1735229492188,1162.1735229492188
1.419992464497724,-0.9427699912152978,-0.257630537167679,0.5192482492240824,1.4884387600416644,-1.56060784489479,-0.9245270618678236,-0.6349046544852895,0.0,1.0,1.0,0.0,1540,378.28302,1161.7169799804688,1161.7169799804688
-0.47358878196228,-0.848653732786587,-0.7279308290332401,-1.318706560230632,-0.2975618613572061,0.4847085979063416,1.0816341037975656,-0.6349046544852895,1.0,0.0,1.0,0.0,1591,431.94464,1159.0553588867188,1159.0553588867188
1.419992464497724,-0.6646099776432545,-2.138831704629924,-1.0889622090487927,-0.2975618613572061,1.5073668193069074,-0.9245270618678236,1.5750396424651971,1.0,0.0,1.0,0.0,1598,440.71576,1157.2842407226562,1157.2842407226562
3.313573710957728,-0.5842140850131516,-2.138831704629924,-0.1699848043214355,0.297771679109084,-0.0266205127939412,-0.9245270618678236,-0.6349046544852895,1.0,0.0,1.0,0.0,1568,418.68076,1149.3192443847656,1149.3192443847656
-0.47358878196228,-1.1861845962548017,-1.0414643569436144,-0.8592178578669534,-1.4882289422897863,0.4847085979063416,1.0816341037975656,-0.6349046544852895,1.0,0.0,1.0,0.0,1354,206.8887,1147.1112976074219,1147.1112976074219
1.419992464497724,-1.4517497117863876,-0.414397301122866,1.7828421807241983,0.8931052195753741,-1.0492787341945071,-0.9245270618678236,-0.6349046544852895,0.0,1.0,1.0,0.0,1430,284.14856,1145.8514404296875,1145.8514404296875
-0.47358878196228,-1.0513175378336863,-1.0414643569436144,0.2895038980422431,0.8931052195753741,-0.5379496234942243,1.0816341037975656,-0.6349046544852895,0.0,1.0,1.0,0.0,1423,277.94473,1145.0552673339844,1145.0552673339844
-0.47358878196228,-0.895545250857435,0.0559029907426951,1.2084813027696002,0.8931052195753741,-0.0266205127939412,-0.9245270618678236,-0.6349046544852895,1.0,0.0,1.0,0.0,1621,478.84918,1142.1508178710938,1142.1508178710938
-0.47358878196228,-1.4272434063343649,0.2126697546978821,-1.2038343846397124,-0.8928954018234964,0.4847085979063416,-0.9245270618678236,-0.6349046544852895,0.0,1.0,1.0,0.0,1427,285.05478,1141.9452209472656,1141.9452209472656
1.419992464497724,-1.04814776493186,-0.414397301122866,-0.7443456822760337,-0.8928954018234964,-1.0492787341945071,-0.9245270618678236,-0.6349046544852895,0.0,1.0,1.0,0.0,1480,339.4962,1140.5038146972656,1140.5038146972656
-0.47358878196228,-0.7863171882525234,-0.5711640650780532,-0.8592178578669534,0.297771679109084,0.4847085979063416,1.0816341037975656,-0.6349046544852895,1.0,0.0,1.0,0.0,1646,505.93655,1140.0634460449219,1140.0634460449219
-0.47358878196228,-1.1025868636631129,0.5262032826082563,-1.2038343846397124,1.4884387600416644,1.5073668193069074,1.0816341037975656,1.5750396424651971,0.0,1.0,1.0,0.0,1447,307.75107,1139.2489318847656,1139.2489318847656
-0.47358878196228,-0.6419082950222663,0.0559029907426951,0.0597595468604037,0.8931052195753741,-1.56060784489479,-0.9245270618678236,-0.6349046544852895,0.0,1.0,1.0,0.0,1692,552.8003,1139.19970703125,1139.19970703125
-0.47358878196228,-1.4573298434897084,-0.414397301122866,-0.7443456822760337,0.8931052195753741,-1.56060784489479,-0.9245270618678236,-0.6349046544852895,0.0,1.0,1.0,0.0,1306,167.62085,1138.379150390625,1138.379150390625
-0.47358878196228,-1.0738798689833846,0.5262032826082563,-1.663323087003391,1.4884387600416644,-0.5379496234942243,1.0816341037975656,-0.6349046544852895,1.0,0.0,1.0,0.0,1482,346.09644,1135.903564453125,1135.903564453125
3.313573710957728,-0.9212639291257972,-0.414397301122866,1.2084813027696002,-0.2975618613572061,0.9960377086066246,-0.9245270618678236,1.5750396424651971,0.0,1.0,1.0,0.0,1429,294.45615,1134.5438537597656,1134.5438537597656
-0.47358878196228,-0.1667646129574468,-0.1008637732124919,-1.4335787358215517,-1.4882289422897863,1.5073668193069074,-0.9245270618678236,1.5750396424651971,1.0,0.0,1.0,0.0,1672,538.05096,1133.9490356445312,1133.9490356445312
-0.47358878196228,-1.2138298929039475,1.1532703384290046,-0.974090033457873,0.297771679109084,-0.0266205127939412,-0.9245270618678236,-0.6349046544852895,0.0,1.0,1.0,0.0,1342,208.15286,1133.8471374511719,1133.8471374511719
1.419992464497724,-0.9116454102324806,1.4668038663393788,-0.1699848043214355,1.4884387600416644,-1.0492787341945071,-0.9245270618678236,-0.6349046544852895,0.0,1.0,1.0,0.0,1403,269.25354,1133.7464599609375,1133.7464599609375
1.419992464497724,-0.7604123037548834,-0.7279308290332401,0.5192482492240824,-1.4882289422897863,-0.5379496234942243,1.0816341037975656,-0.6349046544852895,0.0,1.0,1.0,0.0,1647,515.0253,1131.9746704101562,1131.9746704101562
3.313573710957728,-0.9095754792093836,-0.414397301122866,1.0936091271786803,-1.4882289422897863,-1.56060784489479,-0.9245270618678236,-0.6349046544852895,0.0,1.0,1.0,0.0,1634,502.54074,1131.4592590332031,1131.4592590332031
-0.47358878196228,-1.3051899225131955,0.0559029907426951,0.6341204248150021,0.297771679109084,-0.0266205127939412,-0.9245270618678236,-0.6349046544852895,1.0,0.0,1.0,0.0,1426,294.68634,1131.3136596679688,1131.3136596679688
-0.47358878196228,-1.0384792591478125,1.4668038663393788,-1.0889622090487927,0.8931052195753741,0.4847085979063416,-0.9245270618678236,-0.6349046544852895,1.0,0.0,1.0,0.0,1418,287.25873,1130.7412719726562,1130.7412719726562
-0.47358878196228,-1.2764122979058516,-0.414397301122866,0.2895038980422431,-1.4882289422897863,-1.56060784489479,-0.9245270618678236,-0.6349046544852895,1.0,0.0,1.0,0.0,1315,184.39682,1130.6031799316406,1130.6031799316406
-0.47358878196228,-1.2622976515633766,-0.7279308290332401,-0.1699848043214355,-0.2975618613572061,-1.56060784489479,1.0816341037975656,-0.6349046544852895,0.0,1.0,1.0,0.0,1389,258.54834,1130.45166015625,1130.45166015625
-0.47358878196228,-1.443672244093306,0.9965035744738177,0.4043760736331627,0.8931052195753741,-0.0266205127939412,1.0816341037975656,-0.6349046544852895,1.0,0.0,1.0,0.0,1235,104.55925,1130.4407501220703,1130.4407501220703
-0.47358878196228,-0.9455908246689152,0.6829700465634434,1.6679700051332789,-0.2975618613572061,-0.5379496234942243,1.0816341037975656,-0.6349046544852895,1.0,0.0,1.0,0.0,1486,355.83755,1130.1624450683594,1130.1624450683594
-0.47358878196228,-0.7359100087239373,-0.414397301122866,-1.4335787358215517,-0.2975618613572061,-0.0266205127939412,-0.9245270618678236,-0.6349046544852895,0.0,1.0,1.0,0.0,1687,560.1941,1126.805908203125,1126.805908203125
-0.47358878196228,-1.455150700514077,-0.8846975929884272,0.4043760736331627,-0.2975618613572061,0.9960377086066246,1.0816341037975656,1.5750396424651971,1.0,0.0,1.0,0.0,1246,119.98834,1126.0116577148438,1126.0116577148438
-0.47358878196228,-0.4173595464180337,1.1532703384290046,1.4382256539514395,-0.8928954018234964,1.5073668193069074,-0.9245270618678236,1.5750396424651971,0.0,1.0,1.0,0.0,1553,428.09155,1124.908447265625,1124.908447265625
-0.47358878196228,-0.7057478631406074,-0.1008637732124919,-0.7443456822760337,-0.2975618613572061,-0.5379496234942243,-0.9245270618678236,-0.6349046544852895,0.0,1.0,1.0,0.0,1666,541.36505,1124.6349487304688,1124.6349487304688
-0.47358878196228,-0.3561986434501458,1.3100371023841917,1.32335347836052,0.297771679109084,-0.5379496234942243,-0.9245270618678236,-0.6349046544852895,1.0,0.0,1.0,0.0,1647,523.00726,1123.9927368164062,1123.9927368164062
-0.47358878196228,-0.9606473648228012,0.6829700465634434,-1.663323087003391,1.4884387600416644,-0.5379496234942243,1.0816341037975656,-0.6349046544852895,1.0,0.0,1.0,0.0,1506,383.046,1122.9540100097656,1122.9540100097656
-0.47358878196228,-0.4245246041615849,-0.1008637732124919,-1.663323087003391,-1.4882289422897863,0.4847085979063416,-0.9245270618678236,-0.6349046544852895,0.0,1.0,1.0,0.0,1571,448.43356,1122.5664367675781,1122.5664367675781
3.313573710957728,-0.7238204347480086,-0.5711640650780532,0.4043760736331627,1.4884387600416644,1.5073668193069074,1.0816341037975656,1.5750396424651971,0.0,1.0,1.0,0.0,1436,313.91785,1122.0821533203125,1122.0821533203125
-0.47358878196228,-0.1682998945314917,-0.5711640650780532,0.7489926004059216,0.8931052195753741,1.5073668193069074,1.0816341037975656,1.5750396424651971,0.0,1.0,1.0,0.0,1645,523.11194,1121.8880615234375,1121.8880615234375
-0.47358878196228,-0.8566004249449835,0.3694365186530692,-0.2848569799123551,0.8931052195753741,0.4847085979063416,1.0816341037975656,-0.6349046544852895,1.0,0.0,1.0,0.0,1573,451.47104,1121.5289611816406,1121.5289611816406
-0.47358878196228,0.2048456581301384,1.1532703384290046,1.5530978295423592,-0.8928954018234964,-1.56060784489479,-0.9245270618678236,-0.6349046544852895,0.0,1.0,1.0,0.0,1720,599.00397,1120.9960327148438,1120.9960327148438
-0.47358878196228,-1.2544656106752423,-0.414397301122866,-0.974090033457873,0.297771679109084,-0.0266205127939412,-0.9245270618678236,-0.6349046544852895,0.0,1.0,1.0,0.0,1439,318.02008,1120.9799194335938,1120.9799194335938
1.419992464497724,0.0562188217870683,-1.9820649406747368,0.978736951587761,0.297771679109084,1.5073668193069074,-0.9245270618678236,1.5750396424651971,1.0,0.0,1.0,0.0,1757,636.73804,1120.261962890625,1120.261962890625
1.419992464497724,-0.5453346538010845,0.5262032826082563,0.978736951587761,1.4884387600416644,0.4847085979063416,1.0816341037975656,-0.6349046544852895,1.0,0.0,1.0,0.0,1741,623.1485,1117.8515014648438,1117.8515014648438
1.419992464497724,-1.3179279409952904,0.5262032826082563,1.5530978295423592,-1.4882289422897863,0.4847085979063416,1.0816341037975656,-0.6349046544852895,0.0,1.0,1.0,0.0,1377,261.2365,1115.7634887695312,1115.7634887695312
1.419992464497724,-0.6663735120627615,0.9965035744738177,-1.663323087003391,1.4884387600416644,-0.5379496234942243,1.0816341037975656,-0.6349046544852895,0.0,1.0,1.0,0.0,1563,447.6546,1115.3453979492188,1115.3453979492188
-0.47358878196228,-0.6536225942288703,0.8397368105186305,0.1746317224513234,1.4884387600416644,0.4847085979063416,1.0816341037975656,-0.6349046544852895,1.0,0.0,1.0,0.0,1622,506.8576,1115.1423950195312,1115.1423950195312
-0.47358878196228,-1.196062548436471,0.6829700465634434,-0.1699848043214355,0.8931052195753741,0.9960377086066246,1.0816341037975656,1.5750396424651971,1.0,0.0,1.0,0.0,1389,274.69388,1114.3061218261719,1114.3061218261719
-0.47358878196228,-0.6282815699839464,0.0559029907426951,-0.1699848043214355,1.4884387600416644,-1.0492787341945071,-0.9245270618678236,-0.6349046544852895,0.0,1.0,1.0,0.0,1752,638.0378,1113.9622192382812,1113.9622192382812
1.419992464497724,-1.0916096267921684,0.5262032826082563,0.4043760736331627,-1.4882289422897863,-1.0492787341945071,1.0816341037975656,-0.6349046544852895,0.0,1.0,1.0,0.0,1397,283.38907,1113.6109313964844,1113.6109313964844
-0.47358878196228,-0.3488388167849895,1.1532703384290046,1.5530978295423592,-1.4882289422897863,0.4847085979063416,-0.9245270618678236,-0.6349046544852895,0.0,1.0,1.0,0.0,1735,621.84125,1113.1587524414062,1113.1587524414062
1.419992464497724,-0.928086727283244,0.5262032826082563,-1.4335787358215517,-0.2975618613572061,-0.0266205127939412,1.0816341037975656,-0.6349046544852895,0.0,1.0,1.0,0.0,1476,363.2111,1112.7889099121094,1112.7889099121094
-0.47358878196228,-0.3684670383967142,-0.1008637732124919,0.2895038980422431,1.4884387600416644,0.9960377086066246,-0.9245270618678236,1.5750396424651971,0.0,1.0,1.0,0.0,1721,609.76465,1111.2353515625,1111.2353515625
-0.47358878196228,-0.7191299828610458,0.2126697546978821,0.0597595468604037,0.8931052195753741,-1.56060784489479,-0.9245270618678236,-0.6349046544852895,1.0,0.0,1.0,0.0,1621,510.25653,1110.7434692382812,1110.7434692382812
-0.47358878196228,-1.2139809039601146,0.0559029907426951,-0.974090033457873,0.297771679109084,-0.0266205127939412,-0.9245270618678236,-0.6349046544852895,0.0,1.0,1.0,0.0,1411,302.32635,1108.6736450195312,1108.6736450195312
-0.47358878196228,-0.9449230871312876,-0.257630537167679,0.978736951587761,-0.8928954018234964,-0.5379496234942243,-0.9245270618678236,-0.6349046544852895,1.0,0.0,1.0,0.0,1545,436.34427,1108.6557312011719,1108.6557312011719
-0.47358878196228,-0.6994255228524845,0.5262032826082563,1.7828421807241983,-0.2975618613572061,-0.0266205127939412,1.0816341037975656,-0.6349046544852895,1.0,0.0,1.0,0.0,1624,516.5314,1107.4686279296875,1107.4686279296875
-0.47358878196228,-1.4602520201594544,-0.414397301122866,-0.1699848043214355,-1.4882289422897863,-0.0266205127939412,-0.9245270618678236,-0.6349046544852895,0.0,1.0,1.0,0.0,1323,215.56987,1107.4301300048828,1107.4301300048828
-0.47358878196228,-1.4562952569364036,0.9965035744738177,-1.318706560230632,-0.8928954018234964,-0.0266205127939412,1.0816341037975656,-0.6349046544852895,1.0,0.0,1.0,0.0,1216,108.962524,1107.0374755859375,1107.0374755859375
-0.47358878196228,-1.2898269088817522,1.1532703384290046,-0.7443456822760337,0.8931052195753741,-1.56060784489479,-0.9245270618678236,-0.6349046544852895,0.0,1.0,1.0,0.0,1309,201.99162,1107.0083770751953,1107.0083770751953
-0.47358878196228,-0.505426008145726,1.3100371023841917,-0.3997291555032748,-1.4882289422897863,-1.0492787341945071,-0.9245270618678236,-0.6349046544852895,1.0,0.0,1.0,0.0,1522,415.9134,1106.0866088867188,1106.0866088867188
-0.47358878196228,-0.7429626792319048,-1.0414643569436144,-0.7443456822760337,1.4884387600416644,-0.0266205127939412,1.0816341037975656,-0.6349046544852895,0.0,1.0,1.0,0.0,1514,408.37964,1105.620361328125,1105.620361328125
-0.47358878196228,-0.7960890934599727,0.0559029907426951,-1.2038343846397124,1.4884387600416644,1.5073668193069074,-0.9245270618678236,1.5750396424651971,1.0,0.0,1.0,0.0,1543,437.9977,1105.0022888183594,1105.0022888183594
1.419992464497724,-0.3205465280568295,1.3100371023841917,-1.5484509114124714,0.297771679109084,0.9960377086066246,-0.9245270618678236,1.5750396424651971,1.0,0.0,1.0,0.0,1743,639.68195,1103.3180541992188,1103.3180541992188
-0.47358878196228,-0.6264186724968062,0.6829700465634434,-0.7443456822760337,1.4884387600416644,-0.0266205127939412,1.0816341037975656,-0.6349046544852895,0.0,1.0,1.0,0.0,1695,592.53015,1102.4698486328125,1102.4698486328125
-0.47358878196228,-1.0265055025982608,-0.7279308290332401,-0.5146013310941945,-1.4882289422897863,-1.56060784489479,1.0816341037975656,-0.6349046544852895,0.0,1.0,1.0,0.0,1408,306.28247,1101.717529296875,1101.717529296875
-0.47358878196228,0.3107960544178687,-1.1982311208988017,1.32335347836052,-0.8928954018234964,0.9960377086066246,-0.9245270618678236,1.5750396424651971,1.0,0.0,1.0,0.0,1601,500.2095,1100.7904968261719,1100.7904968261719
-0.47358878196228,-0.6112850466845122,0.5262032826082563,-0.8592178578669534,1.4884387600416644,-0.5379496234942243,1.0816341037975656,-0.6349046544852895,0.0,1.0,1.0,0.0,1742,641.8925,1100.1074829101562,1100.1074829101562
-0.47358878196228,-1.0687212114867524,-1.8252981767195493,0.978736951587761,1.4884387600416644,0.4847085979063416,-0.9245270618678236,-0.6349046544852895,1.0,0.0,1.0,0.0,1293,193.37299,1099.6270141601562,1099.6270141601562
-0.47358878196228,-0.6350809691022831,0.5262032826082563,-1.0889622090487927,0.8931052195753741,0.4847085979063416,1.0816341037975656,-0.6349046544852895,0.0,1.0,1.0,0.0,1645,546.2993,1098.70068359375,1098.70068359375
-0.47358878196228,-0.9979551874222556,0.6829700465634434,-1.2038343846397124,-1.4882289422897863,-1.0492787341945071,1.0816341037975656,-0.6349046544852895,0.0,1.0,1.0,0.0,1385,286.70404,1098.2959594726562,1098.2959594726562
-0.47358878196228,-0.4817183518085578,0.6829700465634434,-0.8592178578669534,-1.4882289422897863,0.4847085979063416,1.0816341037975656,-0.6349046544852895,0.0,1.0,1.0,0.0,1640,542.08954,1097.9104614257812,1097.9104614257812
-0.47358878196228,-0.8517174260068094,0.6829700465634434,-0.3997291555032748,0.297771679109084,-1.0492787341945071,1.0816341037975656,-0.6349046544852895,0.0,1.0,1.0,0.0,1506,410.01096,1095.9890441894531,1095.9890441894531
-0.47358878196228,-0.808341966810657,1.4668038663393788,0.8638647759968413,-0.8928954018234964,-1.0492787341945071,-0.9245270618678236,-0.6349046544852895,0.0,1.0,1.0,0.0,1405,309.30182,1095.6981811523438,1095.6981811523438
-0.47358878196228,-0.9406448914080237,0.6829700465634434,-0.2848569799123551,-0.8928954018234964,0.9960377086066246,1.0816341037975656,1.5750396424651971,1.0,0.0,1.0,0.0,1451,355.89664,1095.1033630371094,1095.1033630371094
1.419992464497724,-0.7699477100872685,0.8397368105186305,1.4382256539514395,1.4884387600416644,-1.0492787341945071,1.0816341037975656,-0.6349046544852895,0.0,1.0,1.0,0.0,1496,401.51227,1094.4877319335938,1094.4877319335938
-0.47358878196228,-1.0394074764512002,0.9965035744738177,0.2895038980422431,-0.8928954018234964,-0.0266205127939412,1.0816341037975656,-0.6349046544852895,0.0,1.0,1.0,0.0,1374,279.85004,1094.1499633789062,1094.1499633789062
-0.47358878196228,-0.0496690801759278,1.4668038663393788,-1.2038343846397124,-0.2975618613572061,0.9960377086066246,-0.9245270618678236,1.5750396424651971,1.0,0.0,1.0,0.0,1755,661.0046,1093.9954223632812,1093.9954223632812
-0.47358878196228,-0.6106344857130658,0.2126697546978821,-1.2038343846397124,1.4884387600416644,1.5073668193069074,-0.9245270618678236,1.5750396424651971,0.0,1.0,1.0,0.0,1621,527.3662,1093.6337890625,1093.6337890625
1.419992464497724,-0.1968068953254536,0.3694365186530692,-0.3997291555032748,1.4884387600416644,1.5073668193069074,1.0816341037975656,1.5750396424651971,1.0,0.0,1.0,0.0,1759,665.3688,1093.6312255859375,1093.6312255859375
1.419992464497724,-1.07570907328528,0.5262032826082563,-0.2848569799123551,-1.4882289422897863,-0.5379496234942243,1.0816341037975656,-0.6349046544852895,1.0,0.0,1.0,0.0,1404,311.7794,1092.2206115722656,1092.2206115722656
-0.47358878196228,-0.8679145296865167,-0.1008637732124919,1.6679700051332789,1.4884387600416644,-0.0266205127939412,-0.9245270618678236,-0.6349046544852895,1.0,0.0,1.0,0.0,1588,496.4439,1091.5560913085938,1091.5560913085938
-0.47358878196228,-0.6612971912133793,1.1532703384290046,1.4382256539514395,-0.8928954018234964,1.5073668193069074,-0.9245270618678236,1.5750396424651971,0.0,1.0,1.0,0.0,1451,360.53397,1090.4660339355469,1090.4660339355469
-0.47358878196228,-1.3220711952059134,-1.8252981767195493,0.0597595468604037,0.297771679109084,0.9960377086066246,-0.9245270618678236,1.5750396424651971,0.0,1.0,1.0,0.0,1322,232.36067,1089.6393280029297,1089.6393280029297
-0.47358878196228,-1.4567431728501197,-0.8846975929884272,0.978736951587761,0.8931052195753741,-1.0492787341945071,1.0816341037975656,-0.6349046544852895,0.0,1.0,1.0,0.0,1391,301.54514,1089.4548645019531,1089.4548645019531
-0.47358878196228,-0.5519937853996715,0.6829700465634434,-0.8592178578669534,-0.8928954018234964,-1.56060784489479,1.0816341037975656,-0.6349046544852895,1.0,0.0,1.0,0.0,1565,477.57648,1087.4235229492188,1087.4235229492188
1.419992464497724,-0.9777363164855778,-0.8846975929884272,-1.663323087003391,-0.2975618613572061,-1.0492787341945071,1.0816341037975656,-0.6349046544852895,0.0,1.0,1.0,0.0,1421,333.60165,1087.3983459472656,1087.3983459472656
-0.47358878196228,-0.5993062288765453,0.6829700465634434,1.2084813027696002,1.4884387600416644,1.5073668193069074,1.0816341037975656,1.5750396424651971,1.0,0.0,1.0,0.0,1562,474.693,1087.3070068359375,1087.3070068359375
-0.47358878196228,-0.6558410661613099,0.5262032826082563,0.7489926004059216,1.4884387600416644,-0.5379496234942243,1.0816341037975656,-0.6349046544852895,0.0,1.0,1.0,0.0,1664,577.3329,1086.6671142578125,1086.6671142578125
-0.47358878196228,-0.8846093649736796,0.8397368105186305,0.5192482492240824,-0.8928954018234964,0.9960377086066246,1.0816341037975656,1.5750396424651971,0.0,1.0,1.0,0.0,1486,399.62622,1086.373779296875,1086.373779296875
1.419992464497724,-0.9156819640086504,0.0559029907426951,1.0936091271786803,-1.4882289422897863,-1.56060784489479,-0.9245270618678236,-0.6349046544852895,0.0,1.0,1.0,0.0,1565,478.79834,1086.20166015625,1086.20166015625
-0.47358878196228,-0.7121066152559498,0.6829700465634434,-0.8592178578669534,1.4884387600416644,-0.5379496234942243,1.0816341037975656,-0.6349046544852895,1.0,0.0,1.0,0.0,1645,559.0624,1085.9376220703125,1085.9376220703125
3.313573710957728,-1.111604210125608,0.6829700465634434,-0.974090033457873,-1.4882289422897863,-0.0266205127939412,1.0816341037975656,-0.6349046544852895,0.0,1.0,1.0,0.0,1320,234.9167,1085.0832977294922,1085.0832977294922
-0.47358878196228,-0.6227002276811707,0.5262032826082563,-0.0551126287305158,1.4884387600416644,-0.5379496234942243,1.0816341037975656,-0.6349046544852895,0.0,1.0,1.0,0.0,1681,597.38513,1083.6148681640625,1083.6148681640625
-0.47358878196228,-0.0863101771981741,-2.138831704629924,-1.318706560230632,1.4884387600416644,0.9960377086066246,-0.9245270618678236,1.5750396424651971,1.0,0.0,1.0,0.0,1709,625.7434,1083.256591796875,1083.256591796875
-0.47358878196228,-0.6892192548765617,0.5262032826082563,-1.2038343846397124,0.8931052195753741,-0.0266205127939412,1.0816341037975656,-0.6349046544852895,0.0,1.0,1.0,0.0,1645,562.07025,1082.9297485351562,1082.9297485351562
-0.47358878196228,-0.2496658130780836,1.3100371023841917,0.4043760736331627,0.297771679109084,-1.0492787341945071,-0.9245270618678236,-0.6349046544852895,0.0,1.0,1.0,0.0,1620,537.365,1082.635009765625,1082.635009765625
-0.47358878196228,-1.0264999621163873,-0.414397301122866,-0.974090033457873,0.297771679109084,-0.0266205127939412,-0.9245270618678236,-0.6349046544852895,0.0,1.0,1.0,0.0,1483,401.83865,1081.1613464355469,1081.1613464355469
-0.47358878196228,-1.139668098286098,0.0559029907426951,1.2084813027696002,1.4884387600416644,1.5073668193069074,-0.9245270618678236,1.5750396424651971,0.0,1.0,1.0,0.0,1348,268.8598,1079.1401977539062,1079.1401977539062
-0.47358878196228,-0.6901079669107852,-0.1008637732124919,0.7489926004059216,0.297771679109084,0.4847085979063416,-0.9245270618678236,-0.6349046544852895,1.0,0.0,1.0,0.0,1637,559.16284,1077.837158203125,1077.837158203125
-0.47358878196228,-1.00405030717875,-0.1008637732124919,-0.6294735066851141,-1.4882289422897863,1.5073668193069074,-0.9245270618678236,1.5750396424651971,1.0,0.0,1.0,0.0,1338,260.43903,1077.5609741210938,1077.5609741210938
-0.47358878196228,-1.1216816421487186,-1.0414643569436144,-1.2038343846397124,0.297771679109084,-1.0492787341945071,1.0816341037975656,-0.6349046544852895,0.0,1.0,1.0,0.0,1332,255.26686,1076.733139038086,1076.733139038086
1.419992464497724,-0.951010450428935,-1.0414643569436144,-1.0889622090487927,-1.4882289422897863,-0.5379496234942243,1.0816341037975656,-0.6349046544852895,1.0,0.0,1.0,0.0,1379,302.66724,1076.332763671875,1076.332763671875
-0.47358878196228,-0.4167758611083997,0.5262032826082563,-0.1699848043214355,-0.2975618613572061,-1.56060784489479,1.0816341037975656,-0.6349046544852895,0.0,1.0,1.0,0.0,1670,593.74524,1076.2547607421875,1076.2547607421875
-0.47358878196228,-0.8195625013561474,-0.1008637732124919,1.5530978295423592,1.4884387600416644,-0.5379496234942243,-0.9245270618678236,-0.6349046544852895,0.0,1.0,1.0,0.0,1603,528.80597,1074.1940307617188,1074.1940307617188
1.419992464497724,-0.4691650777199099,1.3100371023841917,1.4382256539514395,0.8931052195753741,0.9960377086066246,-0.9245270618678236,1.5750396424651971,0.0,1.0,1.0,0.0,1589,514.963,1074.0369873046875,1074.0369873046875
-0.47358878196228,-0.7474311789301663,-0.5711640650780532,0.978736951587761,-0.2975618613572061,-0.0266205127939412,1.0816341037975656,-0.6349046544852895,1.0,0.0,1.0,0.0,1610,537.08246,1072.9175415039062,1072.9175415039062
1.419992464497724,-1.4000518259097414,0.9965035744738177,1.6679700051332789,0.8931052195753741,-1.56060784489479,1.0816341037975656,-0.6349046544852895,0.0,1.0,1.0,0.0,1353,280.6248,1072.3752136230469,1072.3752136230469
1.419992464497724,-0.1143926390041897,1.4668038663393788,-1.4335787358215517,1.4884387600416644,0.4847085979063416,-0.9245270618678236,-0.6349046544852895,1.0,0.0,1.0,0.0,1759,688.5444,1070.4556274414062,1070.4556274414062
-0.47358878196228,-1.4614691048503856,0.6829700465634434,-1.318706560230632,0.8931052195753741,-0.5379496234942243,1.0816341037975656,-0.6349046544852895,0.0,1.0,1.0,0.0,1286,217.12813,1068.8718719482422,1068.8718719482422
-0.47358878196228,-0.4183480196081212,0.6829700465634434,-0.8592178578669534,0.297771679109084,0.4847085979063416,1.0816341037975656,-0.6349046544852895,0.0,1.0,1.0,0.0,1693,625.5767,1067.4232788085938,1067.4232788085938
-0.47358878196228,-0.7363509344760778,-0.257630537167679,-0.1699848043214355,-0.2975618613572061,-1.56060784489479,-0.9245270618678236,-0.6349046544852895,0.0,1.0,1.0,0.0,1587,519.9007,1067.0993041992188,1067.0993041992188
-0.47358878196228,-0.5063489569422722,-0.5711640650780532,-0.974090033457873,-0.2975618613572061,-1.56060784489479,1.0816341037975656,-0.6349046544852895,1.0,0.0,1.0,0.0,1677,609.9599,1067.0401000976562,1067.0401000976562
-0.47358878196228,1.1712266330881116,-1.8252981767195493,-0.0551126287305158,-0.8928954018234964,-1.56060784489479,-0.9245270618678236,-0.6349046544852895,0.0,1.0,1.0,0.0,1685,620.4919,1064.5081176757812,1064.5081176757812
3.313573710957728,-0.5655814364736839,-1.6685314127643625,1.2084813027696002,1.4884387600416644,1.5073668193069074,-0.9245270618678236,1.5750396424651971,1.0,0.0,1.0,0.0,1493,428.57306,1064.4269409179688,1064.4269409179688
-0.47358878196228,-0.5781632981056914,-0.7279308290332401,-0.8592178578669534,-0.8928954018234964,-1.56060784489479,1.0816341037975656,-0.6349046544852895,1.0,0.0,1.0,0.0,1610,546.1259,1063.8740844726562,1063.8740844726562
1.419992464497724,-0.9587191247731705,0.0559029907426951,0.7489926004059216,1.4884387600416644,-0.5379496234942243,-0.9245270618678236,-0.6349046544852895,0.0,1.0,1.0,0.0,1485,421.80795,1063.1920471191406,1063.1920471191406
3.313573710957728,0.1041330818335726,-1.8252981767195493,1.0936091271786803,-0.2975618613572061,0.4847085979063416,-0.9245270618678236,-0.6349046544852895,0.0,1.0,1.0,0.0,1588,524.9607,1063.039306640625,1063.039306640625
-0.47358878196228,-0.700738790069529,0.5262032826082563,-1.663323087003391,1.4884387600416644,-0.5379496234942243,1.0816341037975656,-0.6349046544852895,0.0,1.0,1.0,0.0,1638,575.4845,1062.5155029296875,1062.5155029296875
-0.47358878196228,-0.7031192642478188,0.5262032826082563,1.2084813027696002,-1.4882289422897863,-1.0492787341945071,1.0816341037975656,-0.6349046544852895,0.0,1.0,1.0,0.0,1667,606.9201,1060.0798950195312,1060.0798950195312
-0.47358878196228,-0.1721426466251782,0.2126697546978821,0.0597595468604037,0.297771679109084,0.9960377086066246,-0.9245270618678236,1.5750396424651971,1.0,0.0,1.0,0.0,1741,681.4656,1059.534423828125,1059.534423828125
-0.47358878196228,-0.9563669780797216,0.8397368105186305,-0.5146013310941945,0.8931052195753741,-0.5379496234942243,1.0816341037975656,-0.6349046544852895,0.0,1.0,1.0,0.0,1399,340.95947,1058.04052734375,1058.04052734375
-0.47358878196228,-1.2196857395469385,-0.5711640650780532,1.32335347836052,0.297771679109084,-0.5379496234942243,1.0816341037975656,-0.6349046544852895,1.0,0.0,1.0,0.0,1352,294.2395,1057.760498046875,1057.760498046875
-0.47358878196228,-0.4893878020655736,0.0559029907426951,-0.2848569799123551,0.8931052195753741,0.4847085979063416,-0.9245270618678236,-0.6349046544852895,1.0,0.0,1.0,0.0,1757,700.245,1056.7550048828125,1056.7550048828125
-0.47358878196228,0.241287589053521,-1.0414643569436144,-0.3997291555032748,-1.4882289422897863,-1.0492787341945071,1.0816341037975656,-0.6349046544852895,0.0,1.0,1.0,0.0,1756,700.3961,1055.6038818359375,1055.6038818359375
-0.47358878196228,-0.3724826444586711,-1.9820649406747368,1.6679700051332789,1.4884387600416644,-0.0266205127939412,-0.9245270618678236,-0.6349046544852895,0.0,1.0,1.0,0.0,1477,422.18405,1054.8159484863281,1054.8159484863281
-0.47358878196228,0.6750216795711441,-0.8846975929884272,0.5192482492240824,-0.2975618613572061,1.5073668193069074,1.0816341037975656,1.5750396424651971,1.0,0.0,1.0,0.0,1719,664.6976,1054.3024291992188,1054.3024291992188
1.419992464497724,-0.930606378225422,-0.7279308290332401,0.1746317224513234,1.4884387600416644,0.4847085979063416,1.0816341037975656,-0.6349046544852895,0.0,1.0,1.0,0.0,1455,401.64264,1053.3573608398438,1053.3573608398438
-0.47358878196228,-0.5680516645522314,0.0559029907426951,-0.8592178578669534,-1.4882289422897863,0.4847085979063416,-0.9245270618678236,-0.6349046544852895,1.0,0.0,1.0,0.0,1576,522.79987,1053.2001342773438,1053.2001342773438
1.419992464497724,-0.7424022989745299,0.5262032826082563,0.1746317224513234,1.4884387600416644,0.4847085979063416,1.0816341037975656,-0.6349046544852895,1.0,0.0,1.0,0.0,1580,528.18097,1051.8190307617188,1051.8190307617188
-0.47358878196228,-0.7209611212540364,-0.1008637732124919,1.32335347836052,-1.4882289422897863,-0.5379496234942243,-0.9245270618678236,-0.6349046544852895,0.0,1.0,1.0,0.0,1670,618.21625,1051.7837524414062,1051.7837524414062
-0.47358878196228,-0.6735444652757289,0.6829700465634434,-0.2848569799123551,0.297771679109084,-0.5379496234942243,1.0816341037975656,-0.6349046544852895,1.0,0.0,1.0,0.0,1564,512.2938,1051.7061767578125,1051.7061767578125
-0.47358878196228,-0.5388456440380155,-0.414397301122866,1.32335347836052,0.8931052195753741,0.4847085979063416,-0.9245270618678236,-0.6349046544852895,1.0,0.0,1.0,0.0,1697,645.5293,1051.470703125,1051.470703125
-0.47358878196228,-0.8837880082093893,0.6829700465634434,1.6679700051332789,1.4884387600416644,-0.0266205127939412,1.0816341037975656,-0.6349046544852895,0.0,1.0,1.0,0.0,1483,431.85944,1051.1405639648438,1051.1405639648438
-0.47358878196228,-0.8152840559753455,-0.7279308290332401,0.1746317224513234,-0.8928954018234964,-0.5379496234942243,1.0816341037975656,-0.6349046544852895,1.0,0.0,0.0,1.0,1532,481.25833,1050.7416687011719,1050.7416687011719
-0.47358878196228,-0.7482983148322957,-0.1008637732124919,-1.663323087003391,0.297771679109084,0.4847085979063416,-0.9245270618678236,-0.6349046544852895,0.0,1.0,1.0,0.0,1561,510.91583,1050.0841674804688,1050.0841674804688
-0.47358878196228,-0.2141330300012323,0.0559029907426951,1.6679700051332789,-1.4882289422897863,0.9960377086066246,-0.9245270618678236,1.5750396424651971,1.0,0.0,1.0,0.0,1719,669.2606,1049.7393798828125,1049.7393798828125
1.419992464497724,-0.347784423711421,0.3694365186530692,0.6341204248150021,-0.2975618613572061,-1.56060784489479,1.0816341037975656,-0.6349046544852895,1.0,0.0,1.0,0.0,1667,617.616,1049.3839721679688,1049.3839721679688
1.419992464497724,-0.1240655813820284,-1.9820649406747368,1.32335347836052,-0.8928954018234964,0.9960377086066246,-0.9245270618678236,1.5750396424651971,1.0,0.0,1.0,0.0,1631,582.1984,1048.8015747070312,1048.8015747070312
1.419992464497724,-0.3134927154463657,1.3100371023841917,-0.5146013310941945,1.4884387600416644,0.9960377086066246,-0.9245270618678236,1.5750396424651971,1.0,0.0,1.0,0.0,1668,619.5091,1048.4909057617188,1048.4909057617188
-0.47358878196228,-0.5001296030550316,0.3694365186530692,-1.318706560230632,0.297771679109084,-1.56060784489479,1.0816341037975656,-0.6349046544852895,0.0,1.0,1.0,0.0,1617,568.9247,1048.0753173828125,1048.0753173828125
3.313573710957728,-1.4346096137697382,-0.8846975929884272,-0.1699848043214355,-0.2975618613572061,-1.56060784489479,1.0816341037975656,-0.6349046544852895,1.0,0.0,1.0,0.0,1559,511.7016,1047.2984008789062,1047.2984008789062
-0.47358878196228,-0.8911449454230753,0.6829700465634434,-1.663323087003391,0.297771679109084,0.4847085979063416,1.0816341037975656,-0.6349046544852895,1.0,0.0,1.0,0.0,1435,388.15585,1046.8441467285156,1046.8441467285156
1.419992464497724,-1.2410447490548115,-1.6685314127643625,0.5192482492240824,-0.8928954018234964,0.9960377086066246,-0.9245270618678236,1.5750396424651971,0.0,1.0,1.0,0.0,1244,197.51428,1046.4857177734375,1046.4857177734375
3.313573710957728,0.0974556081118186,-0.414397301122866,1.2084813027696002,1.4884387600416644,1.5073668193069074,-0.9245270618678236,1.5750396424651971,1.0,0.0,1.0,0.0,1748,701.56915,1046.4308471679688,1046.4308471679688
-0.47358878196228,-0.598050423778445,0.8397368105186305,1.2084813027696002,1.4884387600416644,1.5073668193069074,1.0816341037975656,1.5750396424651971,0.0,1.0,1.0,0.0,1519,472.75385,1046.2461547851562,1046.2461547851562
1.419992464497724,-0.5547732789021336,0.9965035744738177,1.4382256539514395,-0.8928954018234964,1.5073668193069074,1.0816341037975656,1.5750396424651971,1.0,0.0,1.0,0.0,1487,440.78372,1046.2162780761719,1046.2162780761719
-0.47358878196228,-0.2786965265907053,0.5262032826082563,0.1746317224513234,-0.2975618613572061,-0.0266205127939412,1.0816341037975656,-0.6349046544852895,1.0,0.0,1.0,0.0,1757,710.8888,1046.1112060546875,1046.1112060546875
-0.47358878196228,-0.7225578960184578,0.5262032826082563,-1.5484509114124714,0.8931052195753741,-1.56060784489479,1.0816341037975656,-0.6349046544852895,0.0,1.0,1.0,0.0,1505,459.85226,1045.1477355957031,1045.1477355957031
1.419992464497724,-0.2353221408888715,-1.0414643569436144,0.0597595468604037,1.4884387600416644,-0.0266205127939412,1.0816341037975656,-0.6349046544852895,1.0,0.0,1.0,0.0,1667,623.1946,1043.805419921875,1043.805419921875
1.419992464497724,0.1678489876589876,-2.138831704629924,1.6679700051332789,-1.4882289422897863,0.9960377086066246,-0.9245270618678236,1.5750396424651971,0.0,1.0,1.0,0.0,1744,700.846,1043.1539916992188,1043.1539916992188
-0.47358878196228,0.3586341475514666,1.3100371023841917,1.4382256539514395,1.4884387600416644,-1.0492787341945071,-0.9245270618678236,-0.6349046544852895,1.0,0.0,1.0,0.0,1750,709.4091,1040.5908813476562,1040.5908813476562
-0.47358878196228,-0.5624659062851669,0.5262032826082563,-0.5146013310941945,-1.4882289422897863,-1.56060784489479,1.0816341037975656,-0.6349046544852895,1.0,0.0,1.0,0.0,1522,481.67978,1040.3202209472656,1040.3202209472656
-0.47358878196228,-1.460210333761962,-0.257630537167679,-0.974090033457873,-1.4882289422897863,-0.0266205127939412,-0.9245270618678236,-0.6349046544852895,0.0,1.0,1.0,0.0,1242,202.95818,1039.0418243408203,1039.0418243408203
1.419992464497724,-1.3246928716130977,-0.7279308290332401,0.1746317224513234,-0.2975618613572061,-0.0266205127939412,1.0816341037975656,-0.6349046544852895,0.0,1.0,1.0,0.0,1326,288.5424,1037.4576110839844,1037.4576110839844
-0.47358878196228,-0.9999738110890182,0.5262032826082563,1.5530978295423592,-0.2975618613572061,-1.0492787341945071,1.0816341037975656,-0.6349046544852895,0.0,1.0,1.0,0.0,1355,318.8608,1036.1391906738281,1036.1391906738281
-0.47358878196228,-0.5844576198882149,-0.1008637732124919,-0.974090033457873,0.297771679109084,-0.0266205127939412,-0.9245270618678236,-0.6349046544852895,1.0,0.0,1.0,0.0,1684,648.2493,1035.7506713867188,1035.7506713867188
-0.47358878196228,-0.7108228128889763,-1.0414643569436144,-1.663323087003391,1.4884387600416644,-0.5379496234942243,1.0816341037975656,-0.6349046544852895,1.0,0.0,1.0,0.0,1441,406.00766,1034.9923400878906,1034.9923400878906
-0.47358878196228,-0.6211108549522201,0.2126697546978821,0.1746317224513234,1.4884387600416644,0.4847085979063416,-0.9245270618678236,-0.6349046544852895,0.0,1.0,1.0,0.0,1633,598.74634,1034.253662109375,1034.253662109375
-0.47358878196228,-0.7643200233506114,1.1532703384290046,-0.1699848043214355,-0.2975618613572061,-1.56060784489479,-0.9245270618678236,-0.6349046544852895,0.0,1.0,1.0,0.0,1382,348.21588,1033.7841186523438,1033.7841186523438
-0.47358878196228,0.2961747964127948,-0.5711640650780532,-1.0889622090487927,-0.8928954018234964,0.9960377086066246,1.0816341037975656,1.5750396424651971,0.0,1.0,1.0,0.0,1733,699.8193,1033.1807250976562,1033.1807250976562
3.313573710957728,-0.8587181170723664,0.6829700465634434,-0.974090033457873,0.8931052195753741,0.9960377086066246,1.0816341037975656,1.5750396424651971,1.0,0.0,1.0,0.0,1455,422.204,1032.7959899902344,1032.7959899902344
-0.47358878196228,-0.3320211099757628,-0.1008637732124919,0.6341204248150021,0.8931052195753741,0.9960377086066246,-0.9245270618678236,1.5750396424651971,0.0,1.0,1.0,0.0,1669,636.6849,1032.3151245117188,1032.3151245117188
-0.47358878196228,-0.4778783485732204,-0.5711640650780532,-1.4335787358215517,-0.8928954018234964,-0.5379496234942243,1.0816341037975656,-0.6349046544852895,1.0,0.0,1.0,0.0,1717,685.1418,1031.8582153320312,1031.8582153320312
-0.47358878196228,-1.100003275550671,0.6829700465634434,0.4043760736331627,0.8931052195753741,-0.0266205127939412,1.0816341037975656,-0.6349046544852895,0.0,1.0,1.0,0.0,1359,327.26144,1031.7385559082031,1031.7385559082031
-0.47358878196228,0.0593044467072665,1.3100371023841917,0.978736951587761,1.4884387600416644,0.4847085979063416,-0.9245270618678236,-0.6349046544852895,1.0,0.0,1.0,0.0,1747,715.88654,1031.1134643554688,1031.1134643554688
1.419992464497724,-0.4761126660537598,-0.414397301122866,-1.2038343846397124,1.4884387600416644,1.5073668193069074,-0.9245270618678236,1.5750396424651971,1.0,0.0,1.0,0.0,1559,530.0575,1028.9425048828125,1028.9425048828125
-0.47358878196228,-0.8423931460051712,0.3694365186530692,-1.318706560230632,0.297771679109084,-1.56060784489479,1.0816341037975656,-0.6349046544852895,1.0,0.0,1.0,0.0,1424,395.17545,1028.8245544433594,1028.8245544433594
1.419992464497724,-0.699579871098564,1.3100371023841917,0.8638647759968413,-0.8928954018234964,-1.0492787341945071,-0.9245270618678236,-0.6349046544852895,0.0,1.0,1.0,0.0,1434,405.42865,1028.5713500976562,1028.5713500976562
-0.47358878196228,-1.4018367515180672,0.6829700465634434,0.5192482492240824,-0.2975618613572061,1.5073668193069074,1.0816341037975656,1.5750396424651971,0.0,1.0,1.0,0.0,1324,295.51697,1028.4830322265625,1028.4830322265625
-0.47358878196228,-1.1114676073180485,0.5262032826082563,1.4382256539514395,-1.4882289422897863,-0.0266205127939412,1.0816341037975656,-0.6349046544852895,1.0,0.0,1.0,0.0,1326,297.9035,1028.0964965820312,1028.0964965820312
-0.47358878196228,-0.3742145135715373,0.3694365186530692,-1.4335787358215517,-0.2975618613572061,-0.0266205127939412,1.0816341037975656,-0.6349046544852895,1.0,0.0,1.0,0.0,1687,659.43335,1027.566650390625,1027.566650390625
-0.47358878196228,-0.4439662880149708,0.8397368105186305,0.4043760736331627,0.8931052195753741,-0.0266205127939412,1.0816341037975656,-0.6349046544852895,1.0,0.0,1.0,0.0,1640,613.72327,1026.2767333984375,1026.2767333984375
-0.47358878196228,-0.6332645908396944,0.6829700465634434,0.0597595468604037,1.4884387600416644,-0.0266205127939412,1.0816341037975656,-0.6349046544852895,1.0,0.0,1.0,0.0,1595,569.15796,1025.842041015625,1025.842041015625
1.419992464497724,0.2196973250181465,-1.6685314127643625,-0.2848569799123551,0.8931052195753741,0.4847085979063416,-0.9245270618678236,-0.6349046544852895,0.0,1.0,1.0,0.0,1601,576.07056,1024.929443359375,1024.929443359375
1.419992464497724,-1.1882900529443283,-0.257630537167679,1.7828421807241983,-1.4882289422897863,1.5073668193069074,-0.9245270618678236,1.5750396424651971,1.0,0.0,1.0,0.0,1292,267.53882,1024.461181640625,1024.461181640625
-0.47358878196228,0.8776687502149573,-1.5117646488091756,1.32335347836052,-0.8928954018234964,0.9960377086066246,-0.9245270618678236,1.5750396424651971,0.0,1.0,1.0,0.0,1725,700.63916,1024.36083984375,1024.36083984375
-0.47358878196228,-0.8200274250071223,0.3694365186530692,-0.2848569799123551,-0.8928954018234964,0.9960377086066246,1.0816341037975656,1.5750396424651971,0.0,1.0,1.0,0.0,1441,416.64844,1024.3515625,1024.3515625
-0.47358878196228,-0.8230142379009893,0.0559029907426951,-0.8592178578669534,1.4884387600416644,-0.5379496234942243,-0.9245270618678236,-0.6349046544852895,1.0,0.0,1.0,0.0,1593,568.95795,1024.0420532226562,1024.0420532226562
1.419992464497724,-0.4020089356771173,0.6829700465634434,-0.1699848043214355,0.8931052195753741,0.9960377086066246,1.0816341037975656,1.5750396424651971,0.0,1.0,1.0,0.0,1664,640.7157,1023.2843017578125,1023.2843017578125
1.419992464497724,2.0427333248632293,-0.1008637732124919,-1.0889622090487927,-1.4882289422897863,-0.5379496234942243,-0.9245270618678236,-0.6349046544852895,0.0,1.0,1.0,0.0,198,1220.9696,-1022.9696044921875,1022.9696044921875
-0.47358878196228,-0.1896452720976383,0.6829700465634434,1.4382256539514395,1.4884387600416644,-1.0492787341945071,1.0816341037975656,-0.6349046544852895,1.0,0.0,1.0,0.0,1739,716.3189,1022.6810913085938,1022.6810913085938
-0.47358878196228,-0.4255619196581151,0.6829700465634434,0.4043760736331627,-1.4882289422897863,-1.0492787341945071,1.0816341037975656,-0.6349046544852895,0.0,1.0,1.0,0.0,1630,607.4603,1022.5396728515625,1022.5396728515625
-0.47358878196228,-0.70067383708841,0.5262032826082563,0.1746317224513234,-0.2975618613572061,-0.0266205127939412,1.0816341037975656,-0.6349046544852895,0.0,1.0,1.0,0.0,1536,513.83154,1022.16845703125,1022.16845703125
-0.47358878196228,-0.4557650219243818,0.5262032826082563,1.6679700051332789,1.4884387600416644,-0.0266205127939412,1.0816341037975656,-0.6349046544852895,0.0,1.0,1.0,0.0,1700,678.0739,1021.9260864257812,1021.9260864257812
-0.47358878196228,-1.2867910005045369,-0.5711640650780532,-1.5484509114124714,0.297771679109084,0.9960377086066246,1.0816341037975656,1.5750396424651971,0.0,1.0,1.0,0.0,1221,199.60153,1021.3984680175781,1021.3984680175781
-0.47358878196228,-1.2110301792345757,0.3694365186530692,-1.4335787358215517,0.8931052195753741,-1.0492787341945071,1.0816341037975656,-0.6349046544852895,0.0,1.0,1.0,0.0,1305,284.5088,1020.4912109375,1020.4912109375
-0.47358878196228,-1.3320796580491858,0.9965035744738177,1.2084813027696002,-0.2975618613572061,0.9960377086066246,1.0816341037975656,1.5750396424651971,1.0,0.0,1.0,0.0,1291,272.2228,1018.7771911621094,1018.7771911621094
-0.47358878196228,-0.8085332110183764,0.2126697546978821,1.2084813027696002,1.4884387600416644,1.5073668193069074,-0.9245270618678236,1.5750396424651971,1.0,0.0,1.0,0.0,1413,395.52548,1017.4745178222656,1017.4745178222656
-0.47358878196228,-0.2521386227225192,-2.138831704629924,1.7828421807241983,-1.4882289422897863,1.5073668193069074,-0.9245270618678236,1.5750396424651971,1.0,0.0,1.0,0.0,1593,576.143,1016.8569946289062,1016.8569946289062
3.313573710957728,-0.5445699747013668,0.9965035744738177,-1.663323087003391,0.297771679109084,0.4847085979063416,1.0816341037975656,-0.6349046544852895,0.0,1.0,1.0,0.0,1544,527.89886,1016.1011352539062,1016.1011352539062
-0.47358878196228,0.0005654916792525,0.6829700465634434,-0.0551126287305158,0.8931052195753741,1.5073668193069074,1.0816341037975656,1.5750396424651971,1.0,0.0,1.0,0.0,1715,699.185,1015.8150024414062,1015.8150024414062
-0.47358878196228,-0.6730430687475271,0.3694365186530692,1.2084813027696002,0.8931052195753741,-0.0266205127939412,1.0816341037975656,-0.6349046544852895,0.0,1.0,1.0,0.0,1584,568.19464,1015.8053588867188,1015.8053588867188
-0.47358878196228,0.1556776656298641,-2.138831704629924,1.5530978295423592,0.297771679109084,0.4847085979063416,-0.9245270618678236,-0.6349046544852895,0.0,1.0,1.0,0.0,1638,622.4679,1015.5321044921875,1015.5321044921875
-0.47358878196228,-0.5072697776055768,0.5262032826082563,1.0936091271786803,0.297771679109084,-1.56060784489479,1.0816341037975656,-0.6349046544852895,0.0,1.0,1.0,0.0,1556,540.8071,1015.19287109375,1015.19287109375
-0.47358878196228,-1.4420868250634755,0.8397368105186305,1.2084813027696002,-1.4882289422897863,-1.0492787341945071,1.0816341037975656,-0.6349046544852895,1.0,0.0,1.0,0.0,1186,171.14641,1014.8535919189453,1014.8535919189453
-0.47358878196228,-0.5406000372746508,-0.414397301122866,0.4043760736331627,0.297771679109084,-1.0492787341945071,-0.9245270618678236,-0.6349046544852895,1.0,0.0,1.0,0.0,1715,700.7508,1014.2492065429688,1014.2492065429688
1.419992464497724,-0.4025473265931064,1.3100371023841917,0.5192482492240824,-0.8928954018234964,0.9960377086066246,-0.9245270618678236,1.5750396424651971,0.0,1.0,1.0,0.0,1589,574.8202,1014.1798095703125,1014.1798095703125
-0.47358878196228,-0.0379079849395033,0.6829700465634434,-1.5484509114124714,0.8931052195753741,-1.56060784489479,1.0816341037975656,-0.6349046544852895,1.0,0.0,1.0,0.0,1752,738.0752,1013.9248046875,1013.9248046875
-0.47358878196228,0.0490506150372541,-0.414397301122866,1.5530978295423592,0.8931052195753741,1.5073668193069074,-0.9245270618678236,1.5750396424651971,0.0,1.0,1.0,0.0,1619,605.0844,1013.9155883789062,1013.9155883789062
-0.47358878196228,-0.2861928633945019,0.2126697546978821,0.1746317224513234,-1.4882289422897863,1.5073668193069074,-0.9245270618678236,1.5750396424651971,0.0,1.0,1.0,0.0,1582,568.23816,1013.7618408203125,1013.7618408203125
-0.47358878196228,-1.2315195457219394,-0.8846975929884272,-0.5146013310941945,-0.8928954018234964,-0.0266205127939412,1.0816341037975656,-0.6349046544852895,1.0,0.0,1.0,0.0,1268,254.87607,1013.1239318847656,1013.1239318847656
-0.47358878196228,-0.6886773422850921,-0.5711640650780532,-0.1699848043214355,0.297771679109084,-0.0266205127939412,1.0816341037975656,-0.6349046544852895,0.0,1.0,1.0,0.0,1623,610.23596,1012.7640380859375,1012.7640380859375
-0.47358878196228,-0.6810099052295905,0.5262032826082563,0.1746317224513234,0.8931052195753741,-1.0492787341945071,1.0816341037975656,-0.6349046544852895,0.0,1.0,1.0,0.0,1580,567.46246,1012.5375366210938,1012.5375366210938
-0.47358878196228,-0.0049767367700099,0.0559029907426951,-0.6294735066851141,0.297771679109084,1.5073668193069074,-0.9245270618678236,1.5750396424651971,1.0,0.0,1.0,0.0,1717,704.5661,1012.4338989257812,1012.4338989257812
-0.47358878196228,0.011087634699287,-1.0414643569436144,-0.3997291555032748,-0.8928954018234964,0.4847085979063416,1.0816341037975656,-0.6349046544852895,1.0,0.0,1.0,0.0,1663,650.9365,1012.0634765625,1012.0634765625
-0.47358878196228,0.2425363333554769,-1.6685314127643625,-0.1699848043214355,0.297771679109084,-0.0266205127939412,-0.9245270618678236,-0.6349046544852895,0.0,1.0,1.0,0.0,1552,541.28955,1010.71044921875,1010.71044921875
1.419992464497724,-1.1033302950808836,0.6829700465634434,0.0597595468604037,-1.4882289422897863,0.9960377086066246,1.0816341037975656,1.5750396424651971,0.0,1.0,1.0,0.0,1284,274.2434,1009.756591796875,1009.756591796875
-0.47358878196228,-0.7807657539127227,-0.1008637732124919,-1.318706560230632,1.4884387600416644,0.9960377086066246,-0.9245270618678236,1.5750396424651971,1.0,0.0,1.0,0.0,1450,440.54272,1009.457275390625,1009.457275390625
-0.47358878196228,-0.766198204680732,0.0559029907426951,-0.1699848043214355,1.4884387600416644,-1.0492787341945071,-0.9245270618678236,-0.6349046544852895,1.0,0.0,1.0,0.0,1562,552.63635,1009.3636474609375,1009.3636474609375
-0.47358878196228,0.2930074976253744,-1.3549978848539883,-1.4335787358215517,0.8931052195753741,-1.0492787341945071,-0.9245270618678236,-0.6349046544852895,0.0,1.0,1.0,0.0,1516,506.7132,1009.2868041992188,1009.2868041992188
-0.47358878196228,0.2415347004442808,-1.0414643569436144,-0.0551126287305158,-0.8928954018234964,-1.56060784489479,1.0816341037975656,-0.6349046544852895,0.0,1.0,1.0,0.0,1611,601.934,1009.0659790039062,1009.0659790039062
1.419992464497724,-0.5374926979182395,-0.1008637732124919,-0.1699848043214355,0.297771679109084,-0.0266205127939412,-0.9245270618678236,-0.6349046544852895,1.0,0.0,1.0,0.0,1728,720.1796,1007.8203735351562,1007.8203735351562
-0.47358878196228,-0.2272640601825415,1.3100371023841917,1.5530978295423592,0.297771679109084,0.4847085979063416,-0.9245270618678236,-0.6349046544852895,1.0,0.0,1.0,0.0,1634,626.3293,1007.6707153320312,1007.6707153320312
-0.47358878196228,-0.2761523115006383,0.5262032826082563,-1.318706560230632,0.297771679109084,-1.56060784489479,1.0816341037975656,-0.6349046544852895,1.0,0.0,1.0,0.0,1667,659.6853,1007.314697265625,1007.314697265625
-0.47358878196228,-0.6223050955354456,0.3694365186530692,-0.2848569799123551,0.297771679109084,-0.5379496234942243,1.0816341037975656,-0.6349046544852895,0.0,1.0,1.0,0.0,1575,568.01556,1006.9844360351562,1006.9844360351562
-0.47358878196228,-0.5027969400108431,0.5262032826082563,1.7828421807241983,-0.2975618613572061,-0.0266205127939412,1.0816341037975656,-0.6349046544852895,1.0,0.0,1.0,0.0,1623,616.16534,1006.8346557617188,1006.8346557617188
-0.47358878196228,-0.747820541354563,-1.0414643569436144,0.4043760736331627,1.4884387600416644,1.5073668193069074,1.0816341037975656,1.5750396424651971,0.0,1.0,1.0,0.0,1212,205.1961,1006.8038940429688,1006.8038940429688
-0.47358878196228,-0.4944855518793845,-0.8846975929884272,-0.974090033457873,-0.2975618613572061,-1.56060784489479,1.0816341037975656,-0.6349046544852895,0.0,1.0,1.0,0.0,1582,575.3594,1006.640625,1006.640625
-0.47358878196228,-0.8047453490225775,0.2126697546978821,-1.2038343846397124,1.4884387600416644,1.5073668193069074,-0.9245270618678236,1.5750396424651971,1.0,0.0,1.0,0.0,1435,429.04495,1005.9550476074219,1005.9550476074219
1.419992464497724,-0.5294823184971637,-0.8846975929884272,-0.1699848043214355,-1.4882289422897863,-0.0266205127939412,1.0816341037975656,-0.6349046544852895,1.0,0.0,1.0,0.0,1622,616.56995,1005.4300537109375,1005.4300537109375
-0.47358878196228,0.1177321763319215,1.3100371023841917,1.5530978295423592,0.297771679109084,0.4847085979063416,-0.9245270618678236,-0.6349046544852895,0.0,1.0,1.0,0.0,1758,752.6217,1005.3782958984375,1005.3782958984375
-0.47358878196228,-1.081092808795875,1.1532703384290046,1.4382256539514395,0.8931052195753741,0.9960377086066246,-0.9245270618678236,1.5750396424651971,0.0,1.0,1.0,0.0,1289,284.13342,1004.8665771484375,1004.8665771484375
-0.47358878196228,-1.2335210944608228,0.5262032826082563,-1.4335787358215517,1.4884387600416644,0.4847085979063416,1.0816341037975656,-0.6349046544852895,0.0,1.0,1.0,0.0,1283,278.51196,1004.488037109375,1004.488037109375
-0.47358878196228,-0.7074352752418066,-0.8846975929884272,0.5192482492240824,-1.4882289422897863,-0.5379496234942243,1.0816341037975656,-0.6349046544852895,1.0,0.0,1.0,0.0,1500,496.1488,1003.8511962890625,1003.8511962890625
-0.47358878196228,0.1403146084411869,-1.9820649406747368,-0.6294735066851141,-0.2975618613572061,-0.0266205127939412,-0.9245270618678236,-0.6349046544852895,0.0,1.0,1.0,0.0,1534,530.1739,1003.8261108398438,1003.8261108398438
3.313573710957728,-0.5667091478408595,-1.0414643569436144,0.2895038980422431,0.8931052195753741,-0.5379496234942243,1.0816341037975656,-0.6349046544852895,0.0,1.0,1.0,0.0,1504,500.21234,1003.7876586914062,1003.7876586914062
-0.47358878196228,-0.2852604568267382,-0.8846975929884272,0.1746317224513234,1.4884387600416644,0.4847085979063416,1.0816341037975656,-0.6349046544852895,1.0,0.0,1.0,0.0,1722,718.35236,1003.6476440429688,1003.6476440429688
3.313573710957728,-0.1078792781166189,0.2126697546978821,1.0936091271786803,0.297771679109084,-1.56060784489479,-0.9245270618678236,-0.6349046544852895,0.0,1.0,1.0,0.0,1763,760.0839,1002.9160766601562,1002.9160766601562
-0.47358878196228,0.1882253012408341,1.4668038663393788,1.4382256539514395,0.297771679109084,-0.0266205127939412,-0.9245270618678236,-0.6349046544852895,1.0,0.0,1.0,0.0,1679,676.7046,1002.29541015625,1002.29541015625
1.419992464497724,-0.4374126837083479,0.8397368105186305,-1.318706560230632,1.4884387600416644,0.9960377086066246,1.0816341037975656,1.5750396424651971,1.0,0.0,1.0,0.0,1644,642.37744,1001.62255859375,1001.62255859375
-0.47358878196228,-1.3447866147163732,0.0559029907426951,-1.318706560230632,-0.2975618613572061,0.4847085979063416,-0.9245270618678236,-0.6349046544852895,0.0,1.0,1.0,0.0,1259,258.03345,1000.966552734375,1000.966552734375
-0.47358878196228,0.6591361763561443,-1.8252981767195493,-1.663323087003391,0.8931052195753741,1.5073668193069074,-0.9245270618678236,1.5750396424651971,0.0,1.0,1.0,0.0,1725,724.05817,1000.9418334960938,1000.9418334960938
-0.47358878196228,-0.0546065617537427,1.4668038663393788,1.2084813027696002,1.4884387600416644,1.5073668193069074,-0.9245270618678236,1.5750396424651971,0.0,1.0,1.0,0.0,1535,534.484,1000.5159912109375,1000.5159912109375
-0.47358878196228,-0.5334160473451487,-0.7279308290332401,0.2895038980422431,-0.8928954018234964,-0.0266205127939412,1.0816341037975656,-0.6349046544852895,0.0,1.0,1.0,0.0,1643,644.12427,998.875732421875,998.875732421875
1.419992464497724,0.2780743226667009,-0.5711640650780532,0.8638647759968413,0.297771679109084,0.9960377086066246,1.0816341037975656,1.5750396424651971,0.0,1.0,1.0,0.0,1733,734.584,998.416015625,998.416015625
3.313573710957728,-0.4713119461735309,1.4668038663393788,-1.4335787358215517,1.4884387600416644,0.4847085979063416,-0.9245270618678236,-0.6349046544852895,1.0,0.0,1.0,0.0,1555,556.6434,998.3566284179688,998.3566284179688
-0.47358878196228,-0.6603252049724807,0.6829700465634434,-0.6294735066851141,0.8931052195753741,-1.0492787341945071,1.0816341037975656,-0.6349046544852895,0.0,1.0,1.0,0.0,1530,532.30286,997.6971435546875,997.6971435546875
-0.47358878196228,-0.3006900023541556,0.8397368105186305,1.2084813027696002,0.297771679109084,-1.0492787341945071,1.0816341037975656,-0.6349046544852895,0.0,1.0,1.0,0.0,1609,612.2113,996.7886962890625,996.7886962890625
1.419992464497724,0.0925766538229373,-1.9820649406747368,0.2895038980422431,0.297771679109084,-1.56060784489479,-0.9245270618678236,-0.6349046544852895,0.0,1.0,1.0,0.0,1501,504.85275,996.1472473144531,996.1472473144531
1.419992464497724,-1.1005416030457709,0.6829700465634434,-0.8592178578669534,-0.8928954018234964,-1.56060784489479,1.0816341037975656,-0.6349046544852895,1.0,0.0,1.0,0.0,1274,280.18414,993.8158569335938,993.8158569335938
-0.47358878196228,-0.4751835878642764,-0.7279308290332401,0.978736951587761,-0.8928954018234964,-0.5379496234942243,1.0816341037975656,-0.6349046544852895,0.0,1.0,1.0,0.0,1696,702.37,993.6300048828125,993.6300048828125
3.313573710957728,-1.4628617185581971,-0.7279308290332401,0.978736951587761,1.4884387600416644,0.4847085979063416,1.0816341037975656,-0.6349046544852895,1.0,0.0,1.0,0.0,1292,299.2705,992.7294921875,992.7294921875
-0.47358878196228,-0.2997830060671648,0.2126697546978821,-0.5146013310941945,-0.8928954018234964,-0.0266205127939412,-0.9245270618678236,-0.6349046544852895,1.0,0.0,1.0,0.0,1745,752.336,992.6640014648438,992.6640014648438
-0.47358878196228,-0.7997483539525123,-1.0414643569436144,0.7489926004059216,-1.4882289422897863,0.4847085979063416,1.0816341037975656,-0.6349046544852895,1.0,0.0,1.0,0.0,1333,340.8004,992.1995849609375,992.1995849609375
-0.47358878196228,-0.1906784678586226,0.6829700465634434,0.5192482492240824,1.4884387600416644,-1.56060784489479,1.0816341037975656,-0.6349046544852895,1.0,0.0,1.0,0.0,1655,663.16925,991.8307495117188,991.8307495117188
-0.47358878196228,0.4195460496115102,1.4668038663393788,-0.8592178578669534,1.4884387600416644,-0.5379496234942243,-0.9245270618678236,-0.6349046544852895,1.0,0.0,1.0,0.0,1744,752.4449,991.5551147460938,991.5551147460938
-0.47358878196228,-0.5791586332630171,0.5262032826082563,0.2895038980422431,0.8931052195753741,-0.5379496234942243,1.0816341037975656,-0.6349046544852895,1.0,0.0,1.0,0.0,1624,633.41504,990.5849609375,990.5849609375
-0.47358878196228,-0.2884843226347995,0.3694365186530692,-0.974090033457873,0.297771679109084,-0.0266205127939412,1.0816341037975656,-0.6349046544852895,1.0,0.0,1.0,0.0,1742,751.9695,990.030517578125,990.030517578125
-0.47358878196228,-0.6239383015485501,-0.257630537167679,-0.974090033457873,0.297771679109084,-0.0266205127939412,-0.9245270618678236,-0.6349046544852895,0.0,1.0,1.0,0.0,1635,645.16046,989.8395385742188,989.8395385742188
-0.47358878196228,-0.9876113316154116,0.8397368105186305,1.0936091271786803,-1.4882289422897863,-1.56060784489479,1.0816341037975656,-0.6349046544852895,1.0,0.0,1.0,0.0,1343,353.23538,989.7646179199219,989.7646179199219
-0.47358878196228,-0.7189159513043142,0.9965035744738177,0.5192482492240824,0.297771679109084,-0.5379496234942243,1.0816341037975656,-0.6349046544852895,0.0,1.0,1.0,0.0,1398,408.30728,989.6927185058594,989.6927185058594
-0.47358878196228,-0.2402215333230995,0.2126697546978821,0.5192482492240824,1.4884387600416644,-1.56060784489479,-0.9245270618678236,-0.6349046544852895,1.0,0.0,1.0,0.0,1719,729.41016,989.58984375,989.58984375
-0.47358878196228,0.7847044884925466,-1.9820649406747368,0.0597595468604037,-1.4882289422897863,0.9960377086066246,-0.9245270618678236,1.5750396424651971,1.0,0.0,1.0,0.0,1752,762.96436,989.03564453125,989.03564453125
-0.47358878196228,0.0040881348499404,1.3100371023841917,1.6679700051332789,-1.4882289422897863,0.9960377086066246,-0.9245270618678236,1.5750396424651971,1.0,0.0,1.0,0.0,1737,748.00476,988.9952392578125,988.9952392578125
-0.47358878196228,-0.5178121082879598,-0.8846975929884272,0.0597595468604037,-0.2975618613572061,-0.5379496234942243,1.0816341037975656,-0.6349046544852895,0.0,1.0,1.0,0.0,1602,613.21014,988.7898559570312,988.7898559570312
-0.47358878196228,-1.202975032817175,-0.414397301122866,0.978736951587761,0.8931052195753741,-1.0492787341945071,-0.9245270618678236,-0.6349046544852895,0.0,1.0,1.0,0.0,1317,328.3806,988.619384765625,988.619384765625
-0.47358878196228,-1.0236401421407717,-0.1008637732124919,-1.318706560230632,-0.8928954018234964,-0.0266205127939412,-0.9245270618678236,-0.6349046544852895,0.0,1.0,1.0,0.0,1337,348.46106,988.5389404296875,988.5389404296875
-0.47358878196228,0.0466052655891505,1.1532703384290046,-1.4335787358215517,0.8931052195753741,-1.0492787341945071,-0.9245270618678236,-0.6349046544852895,1.0,0.0,1.0,0.0,1636,648.0698,987.93017578125,987.93017578125
1.419992464497724,-0.6271220220310645,-0.1008637732124919,0.5192482492240824,0.297771679109084,-0.5379496234942243,-0.9245270618678236,-0.6349046544852895,0.0,1.0,1.0,0.0,1624,636.27734,987.72265625,987.72265625
-0.47358878196228,-1.132402615592598,0.9965035744738177,-0.1699848043214355,-0.2975618613572061,-1.56060784489479,1.0816341037975656,-0.6349046544852895,0.0,1.0,1.0,0.0,1225,237.31647,987.6835327148438,987.6835327148438
1.419992464497724,-0.817031769137211,0.5262032826082563,-0.8592178578669534,1.4884387600416644,-0.5379496234942243,1.0816341037975656,-0.6349046544852895,0.0,1.0,1.0,0.0,1513,525.5633,987.4367065429688,987.4367065429688
1.419992464497724,-0.7226439726424737,0.9965035744738177,-0.974090033457873,1.4884387600416644,-1.0492787341945071,1.0816341037975656,-0.6349046544852895,1.0,0.0,1.0,0.0,1395,407.71292,987.2870788574219,987.2870788574219
-0.47358878196228,-0.5339165507374951,0.2126697546978821,-1.5484509114124714,-0.2975618613572061,-0.5379496234942243,-0.9245270618678236,-0.6349046544852895,0.0,1.0,1.0,0.0,1610,623.13666,986.8633422851562,986.8633422851562
-0.47358878196228,-0.8727181753810931,0.3694365186530692,0.2895038980422431,0.8931052195753741,-0.5379496234942243,1.0816341037975656,-0.6349046544852895,0.0,1.0,1.0,0.0,1467,480.21393,986.7860717773438,986.7860717773438
3.313573710957728,0.0062514869240917,1.4668038663393788,0.4043760736331627,-0.2975618613572061,0.9960377086066246,-0.9245270618678236,1.5750396424651971,1.0,0.0,1.0,0.0,1722,736.15826,985.8417358398438,985.8417358398438
1.419992464497724,-0.6384403221069364,0.5262032826082563,-0.1699848043214355,0.297771679109084,-0.0266205127939412,1.0816341037975656,-0.6349046544852895,0.0,1.0,1.0,0.0,1556,570.5751,985.4249267578125,985.4249267578125
-0.47358878196228,-0.5332198340722799,-2.138831704629924,0.978736951587761,1.4884387600416644,0.4847085979063416,-0.9245270618678236,-0.6349046544852895,0.0,1.0,1.0,0.0,1414,429.20477,984.7952270507812,984.7952270507812
-0.47358878196228,-0.0704185972790509,0.5262032826082563,-1.318706560230632,-1.4882289422897863,-1.56060784489479,1.0816341037975656,-0.6349046544852895,1.0,0.0,1.0,0.0,1621,636.4401,984.5598754882812,984.5598754882812
-0.47358878196228,-0.382937027368552,-0.1008637732124919,0.8638647759968413,-0.8928954018234964,-1.0492787341945071,-0.9245270618678236,-0.6349046544852895,0.0,1.0,1.0,0.0,1724,739.8421,984.1578979492188,984.1578979492188
-0.47358878196228,-0.7287170999937461,0.9965035744738177,-1.0889622090487927,-0.8928954018234964,0.9960377086066246,1.0816341037975656,1.5750396424651971,0.0,1.0,1.0,0.0,1432,447.8845,984.1155090332031,984.1155090332031
-0.47358878196228,-0.2183025183083634,0.0559029907426951,0.4043760736331627,-0.2975618613572061,0.9960377086066246,-0.9245270618678236,1.5750396424651971,0.0,1.0,1.0,0.0,1624,639.90564,984.0943603515625,984.0943603515625
-0.47358878196228,-0.2616602716812735,1.3100371023841917,0.6341204248150021,0.297771679109084,-0.0266205127939412,-0.9245270618678236,-0.6349046544852895,1.0,0.0,1.0,0.0,1587,603.06226,983.937744140625,983.937744140625
-0.47358878196228,-0.3043990458268062,-0.5711640650780532,0.1746317224513234,-0.2975618613572061,-0.0266205127939412,1.0816341037975656,-0.6349046544852895,1.0,0.0,1.0,0.0,1764,780.3472,983.6527709960938,983.6527709960938
-0.47358878196228,-0.7921653847018479,0.0559029907426951,-0.7443456822760337,1.4884387600416644,-0.0266205127939412,-0.9245270618678236,-0.6349046544852895,0.0,1.0,1.0,0.0,1551,567.75665,983.2433471679688,983.2433471679688
-0.47358878196228,-0.4984867064718922,-0.7279308290332401,0.2895038980422431,0.8931052195753741,-0.5379496234942243,1.0816341037975656,-0.6349046544852895,0.0,1.0,1.0,0.0,1700,717.3198,982.68017578125,982.68017578125
-0.47358878196228,-0.9071206889336664,-0.1008637732124919,0.2895038980422431,-0.2975618613572061,0.4847085979063416,-0.9245270618678236,-0.6349046544852895,0.0,1.0,1.0,0.0,1382,399.56998,982.4300231933594,982.4300231933594
-0.47358878196228,-0.3286013565702906,1.3100371023841917,-1.2038343846397124,0.8931052195753741,-0.0266205127939412,-0.9245270618678236,-0.6349046544852895,0.0,1.0,1.0,0.0,1557,575.28845,981.7115478515625,981.7115478515625
-0.47358878196228,-1.0688386696489405,-0.1008637732124919,-1.4335787358215517,-0.8928954018234964,-0.5379496234942243,-0.9245270618678236,-0.6349046544852895,0.0,1.0,1.0,0.0,1324,342.56003,981.4399719238281,981.4399719238281
-0.47358878196228,-0.9946781492047144,0.6829700465634434,0.4043760736331627,0.297771679109084,-1.0492787341945071,1.0816341037975656,-0.6349046544852895,0.0,1.0,1.0,0.0,1319,337.5888,981.4111938476562,981.4111938476562
3.313573710957728,-0.3475231944934331,0.5262032826082563,-0.0551126287305158,0.297771679109084,0.4847085979063416,1.0816341037975656,-0.6349046544852895,1.0,0.0,1.0,0.0,1717,735.6488,981.3511962890625,981.3511962890625
-0.47358878196228,0.0199381652154577,-1.9820649406747368,-0.1699848043214355,-0.2975618613572061,-1.56060784489479,-0.9245270618678236,-0.6349046544852895,0.0,1.0,1.0,0.0,1462,481.05634,980.9436645507812,980.9436645507812
1.419992464497724,-0.3484129936453905,-0.1008637732124919,1.5530978295423592,-1.4882289422897863,0.4847085979063416,-0.9245270618678236,-0.6349046544852895,0.0,1.0,1.0,0.0,1720,739.1246,980.8754272460938,980.8754272460938
-0.47358878196228,-1.4388073598997353,1.1532703384290046,-0.0551126287305158,0.297771679109084,0.4847085979063416,-0.9245270618678236,-0.6349046544852895,1.0,0.0,1.0,0.0,1232,251.19592,980.8040771484375,980.8040771484375
-0.47358878196228,-0.2905473006580042,0.0559029907426951,0.2895038980422431,-0.2975618613572061,0.4847085979063416,-0.9245270618678236,-0.6349046544852895,1.0,0.0,1.0,0.0,1713,732.26996,980.7300415039062,980.7300415039062
-0.47358878196228,-1.415573104852074,0.6829700465634434,-0.8592178578669534,-1.4882289422897863,0.4847085979063416,1.0816341037975656,-0.6349046544852895,0.0,1.0,1.0,0.0,1286,305.67557,980.3244323730469,980.3244323730469
1.419992464497724,-0.0223122066711556,0.9965035744738177,-1.2038343846397124,-0.2975618613572061,0.9960377086066246,1.0816341037975656,1.5750396424651971,0.0,1.0,1.0,0.0,1684,703.6824,980.317626953125,980.317626953125
3.313573710957728,-0.3315726355117229,-0.8846975929884272,1.5530978295423592,-1.4882289422897863,0.4847085979063416,1.0816341037975656,-0.6349046544852895,1.0,0.0,1.0,0.0,1716,735.98035,980.0196533203125,980.0196533203125
-0.47358878196228,-0.2096437883406897,0.2126697546978821,0.978736951587761,-0.2975618613572061,-0.0266205127939412,-0.9245270618678236,-0.6349046544852895,0.0,1.0,1.0,0.0,1762,782.4684,979.5316162109375,979.5316162109375
-0.47358878196228,-1.453556716122072,1.4668038663393788,-1.663323087003391,0.297771679109084,0.4847085979063416,-0.9245270618678236,-0.6349046544852895,0.0,1.0,1.0,0.0,1222,242.78305,979.2169494628906,979.2169494628906
-0.47358878196228,-1.4221746871959051,1.4668038663393788,-1.663323087003391,-0.2975618613572061,-1.0492787341945071,-0.9245270618678236,-0.6349046544852895,1.0,0.0,1.0,0.0,1225,245.86682,979.1331787109375,979.1331787109375
-0.47358878196228,-0.9042077835381936,0.5262032826082563,-0.974090033457873,1.4884387600416644,-1.0492787341945071,1.0816341037975656,-0.6349046544852895,1.0,0.0,1.0,0.0,1399,420.23206,978.7679443359375,978.7679443359375
3.313573710957728,-0.7565994926176938,0.0559029907426951,-0.6294735066851141,-0.2975618613572061,-0.0266205127939412,-0.9245270618678236,-0.6349046544852895,0.0,1.0,1.0,0.0,1494,515.34485,978.6551513671875,978.6551513671875
1.419992464497724,-0.811437782216239,-0.5711640650780532,-0.3997291555032748,0.8931052195753741,-0.0266205127939412,1.0816341037975656,-0.6349046544852895,0.0,1.0,1.0,0.0,1519,540.9908,978.0092163085938,978.0092163085938
1.419992464497724,-0.1624578959372456,0.9965035744738177,-1.0889622090487927,-0.2975618613572061,1.5073668193069074,1.0816341037975656,1.5750396424651971,0.0,1.0,1.0,0.0,1525,547.16907,977.8309326171875,977.8309326171875
-0.47358878196228,-0.716277016157248,-0.5711640650780532,0.2895038980422431,-0.8928954018234964,-0.0266205127939412,1.0816341037975656,-0.6349046544852895,1.0,0.0,1.0,0.0,1522,544.80927,977.1907348632812,977.1907348632812
-0.47358878196228,0.0483129689400929,-0.257630537167679,0.8638647759968413,0.297771679109084,0.9960377086066246,-0.9245270618678236,1.5750396424651971,1.0,0.0,1.0,0.0,1711,734.16565,976.8343505859375,976.8343505859375
-0.47358878196228,-1.1983233700735083,0.0559029907426951,1.2084813027696002,-1.4882289422897863,-1.0492787341945071,-0.9245270618678236,-0.6349046544852895,1.0,0.0,1.0,0.0,1344,367.19077,976.8092346191406,976.8092346191406
1.419992464497724,-1.1770459314448387,1.3100371023841917,1.6679700051332789,0.297771679109084,0.9960377086066246,-0.9245270618678236,1.5750396424651971,1.0,0.0,1.0,0.0,1292,315.52533,976.4746704101562,976.4746704101562
-0.47358878196228,-1.4552769377205008,0.3694365186530692,-0.974090033457873,0.8931052195753741,0.9960377086066246,1.0816341037975656,1.5750396424651971,0.0,1.0,1.0,0.0,1180,203.87288,976.1271209716797,976.1271209716797
-0.47358878196228,-0.236425383107189,0.6829700465634434,1.6679700051332789,-0.2975618613572061,-0.5379496234942243,1.0816341037975656,-0.6349046544852895,1.0,0.0,1.0,0.0,1685,708.9838,976.0161743164062,976.0161743164062
-0.47358878196228,-0.124810226488225,0.9965035744738177,0.0597595468604037,0.297771679109084,0.9960377086066246,1.0816341037975656,1.5750396424651971,1.0,0.0,1.0,0.0,1661,685.65424,975.3457641601562,975.3457641601562
1.419992464497724,-0.2848002580936135,-0.257630537167679,0.2895038980422431,-0.2975618613572061,0.4847085979063416,-0.9245270618678236,-0.6349046544852895,1.0,0.0,1.0,0.0,1756,781.1526,974.847412109375,974.847412109375
-0.47358878196228,-0.4947213378943891,-0.7279308290332401,0.5192482492240824,1.4884387600416644,-1.56060784489479,1.0816341037975656,-0.6349046544852895,0.0,1.0,1.0,0.0,1595,620.601,974.3989868164062,974.3989868164062
-0.47358878196228,-0.5271792508006956,0.5262032826082563,0.8638647759968413,-0.8928954018234964,-1.0492787341945071,1.0816341037975656,-0.6349046544852895,1.0,0.0,1.0,0.0,1576,601.6163,974.3837280273438,974.3837280273438
1.419992464497724,-0.970688537652246,-0.1008637732124919,1.0936091271786803,-1.4882289422897863,-1.56060784489479,-0.9245270618678236,-0.6349046544852895,0.0,1.0,1.0,0.0,1422,447.643,974.3569946289062,974.3569946289062
-0.47358878196228,1.9645329923763144,0.3694365186530692,1.4382256539514395,-1.4882289422897863,-0.0266205127939412,1.0816341037975656,-0.6349046544852895,1.0,0.0,1.0,0.0,394,1367.6288,-973.6287841796875,973.6287841796875
-0.47358878196228,-0.0064753294947359,-0.8846975929884272,0.5192482492240824,1.4884387600416644,-1.56060784489479,1.0816341037975656,-0.6349046544852895,1.0,0.0,1.0,0.0,1759,785.3926,973.607421875,973.607421875
-0.47358878196228,-1.241362543075366,-1.8252981767195493,1.6679700051332789,0.297771679109084,0.9960377086066246,-0.9245270618678236,1.5750396424651971,0.0,1.0,1.0,0.0,1184,210.4234,973.5765991210938,973.5765991210938
-0.47358878196228,-0.5407822303352908,-0.1008637732124919,-0.5146013310941945,1.4884387600416644,0.9960377086066246,-0.9245270618678236,1.5750396424651971,0.0,1.0,1.0,0.0,1522,548.4447,973.5552978515625,973.5552978515625
-0.47358878196228,0.2288303031359887,0.8397368105186305,-0.2848569799123551,1.4884387600416644,-1.56060784489479,1.0816341037975656,-0.6349046544852895,0.0,1.0,1.0,0.0,1726,752.47736,973.5226440429688,973.5226440429688
1.419992464497724,-0.8420879424329039,0.5262032826082563,1.0936091271786803,1.4884387600416644,0.9960377086066246,1.0816341037975656,1.5750396424651971,1.0,0.0,1.0,0.0,1396,422.72076,973.2792358398438,973.2792358398438
-0.47358878196228,-0.4677228597541455,1.4668038663393788,0.4043760736331627,0.8931052195753741,-0.0266205127939412,-0.9245270618678236,-0.6349046544852895,1.0,0.0,1.0,0.0,1473,499.80963,973.1903686523438,973.1903686523438
-0.47358878196228,-0.5235045393079187,0.2126697546978821,-0.1699848043214355,1.4884387600416644,-1.0492787341945071,-0.9245270618678236,-0.6349046544852895,0.0,1.0,1.0,0.0,1664,691.4265,972.573486328125,972.573486328125
-0.47358878196228,-0.1686483207539464,0.3694365186530692,-1.2038343846397124,0.297771679109084,-1.0492787341945071,1.0816341037975656,-0.6349046544852895,0.0,1.0,1.0,0.0,1759,786.56903,972.4309692382812,972.4309692382812
-0.47358878196228,-1.1257966733404003,0.2126697546978821,1.4382256539514395,-0.8928954018234964,1.5073668193069074,-0.9245270618678236,1.5750396424651971,1.0,0.0,1.0,0.0,1204,231.56938,972.4306182861328,972.4306182861328
-0.47358878196228,1.0705602684009028,-1.6685314127643625,-0.8592178578669534,0.8931052195753741,1.5073668193069074,-0.9245270618678236,1.5750396424651971,1.0,0.0,1.0,0.0,1729,756.86,972.1400146484375,972.1400146484375
-0.47358878196228,-0.7678361219808265,-0.5711640650780532,-0.6294735066851141,0.8931052195753741,-1.0492787341945071,1.0816341037975656,-0.6349046544852895,0.0,1.0,1.0,0.0,1525,554.1633,970.836669921875,970.836669921875
-0.47358878196228,-0.5907436561363189,0.8397368105186305,-0.5146013310941945,0.8931052195753741,-0.5379496234942243,1.0816341037975656,-0.6349046544852895,1.0,0.0,1.0,0.0,1491,520.3139,970.6860961914062,970.6860961914062
1.419992464497724,-0.6684081328013773,0.5262032826082563,1.0936091271786803,1.4884387600416644,0.9960377086066246,1.0816341037975656,1.5750396424651971,1.0,0.0,1.0,0.0,1478,507.3995,970.6004943847656,970.6004943847656
-0.47358878196228,-0.222976598460389,-0.8846975929884272,-0.974090033457873,-0.2975618613572061,-1.56060784489479,1.0816341037975656,-0.6349046544852895,0.0,1.0,1.0,0.0,1674,703.6083,970.3917236328125,970.3917236328125
-0.47358878196228,-1.44013807893668,0.6829700465634434,-1.318706560230632,-0.2975618613572061,0.4847085979063416,1.0816341037975656,-0.6349046544852895,1.0,0.0,1.0,0.0,1214,243.89056,970.1094360351562,970.1094360351562
-0.47358878196228,0.2746447981862808,-1.0414643569436144,1.7828421807241983,0.8931052195753741,-1.0492787341945071,1.0816341037975656,-0.6349046544852895,0.0,1.0,1.0,0.0,1661,691.7369,969.2631225585938,969.2631225585938
-0.47358878196228,-0.5488288129824488,-0.257630537167679,0.978736951587761,0.8931052195753741,-1.0492787341945071,-0.9245270618678236,-0.6349046544852895,1.0,0.0,1.0,0.0,1682,713.8652,968.1348266601562,968.1348266601562
-0.47358878196228,-0.5662150049086815,-0.7279308290332401,-0.7443456822760337,-0.2975618613572061,-0.5379496234942243,1.0816341037975656,-0.6349046544852895,0.0,1.0,1.0,0.0,1587,619.00006,967.9999389648438,967.9999389648438
3.313573710957728,-0.517546239457429,0.8397368105186305,0.4043760736331627,-0.2975618613572061,0.9960377086066246,1.0816341037975656,1.5750396424651971,0.0,1.0,1.0,0.0,1530,562.62726,967.3727416992188,967.3727416992188
-0.47358878196228,-0.5094302466332452,-0.1008637732124919,-0.3997291555032748,1.4884387600416644,1.5073668193069074,-0.9245270618678236,1.5750396424651971,1.0,0.0,1.0,0.0,1495,528.12354,966.87646484375,966.87646484375
-0.47358878196228,0.1828730032473253,-0.414397301122866,0.978736951587761,0.297771679109084,1.5073668193069074,-0.9245270618678236,1.5750396424651971,0.0,1.0,1.0,0.0,1640,673.563,966.43701171875,966.43701171875
1.419992464497724,-0.2416601761045795,-0.7279308290332401,-0.7443456822760337,0.8931052195753741,-1.56060784489479,1.0816341037975656,-0.6349046544852895,0.0,1.0,1.0,0.0,1737,771.1696,965.8303833007812,965.8303833007812
-0.47358878196228,-0.8392016386950406,0.0559029907426951,-1.2038343846397124,1.4884387600416644,1.5073668193069074,-0.9245270618678236,1.5750396424651971,1.0,0.0,1.0,0.0,1378,412.23386,965.7661437988281,965.7661437988281
-0.47358878196228,-0.6325433052775196,-0.414397301122866,1.32335347836052,-1.4882289422897863,-0.5379496234942243,-0.9245270618678236,-0.6349046544852895,0.0,1.0,1.0,0.0,1639,673.49664,965.5033569335938,965.5033569335938
-0.47358878196228,-1.0436684153876867,0.3694365186530692,0.978736951587761,1.4884387600416644,0.4847085979063416,1.0816341037975656,-0.6349046544852895,1.0,0.0,1.0,0.0,1289,323.76154,965.2384643554688,965.2384643554688
-0.47358878196228,-0.6058177902917747,-0.7279308290332401,1.4382256539514395,-0.2975618613572061,-1.56060784489479,1.0816341037975656,-0.6349046544852895,1.0,0.0,1.0,0.0,1514,550.673,963.3270263671875,963.3270263671875
-0.47358878196228,-0.2129778383459214,-1.0414643569436144,1.6679700051332789,-0.2975618613572061,-0.5379496234942243,1.0816341037975656,-0.6349046544852895,1.0,0.0,1.0,0.0,1524,561.23987,962.7601318359375,962.7601318359375
-0.47358878196228,-0.3456111628581498,0.5262032826082563,-1.318706560230632,0.297771679109084,-1.56060784489479,1.0816341037975656,-0.6349046544852895,1.0,0.0,1.0,0.0,1590,627.2472,962.7528076171875,962.7528076171875
-0.47358878196228,-0.430360740722673,-0.5711640650780532,0.0597595468604037,-0.2975618613572061,-0.5379496234942243,1.0816341037975656,-0.6349046544852895,0.0,1.0,1.0,0.0,1678,715.31885,962.68115234375,962.68115234375
-0.47358878196228,-0.2651383762048754,0.5262032826082563,0.0597595468604037,0.8931052195753741,-1.56060784489479,1.0816341037975656,-0.6349046544852895,0.0,1.0,1.0,0.0,1654,691.5693,962.4307250976562,962.4307250976562
-0.47358878196228,-0.4529645646264547,0.3694365186530692,-0.6294735066851141,-0.2975618613572061,-0.0266205127939412,1.0816341037975656,-0.6349046544852895,1.0,0.0,1.0,0.0,1581,618.8377,962.1622924804688,962.1622924804688
-0.47358878196228,-0.0733979559984397,-0.1008637732124919,0.8638647759968413,-1.4882289422897863,0.9960377086066246,-0.9245270618678236,1.5750396424651971,0.0,1.0,1.0,0.0,1709,747.05316,961.9468383789062,961.9468383789062
-0.47358878196228,-0.5449015356868939,-0.257630537167679,-1.5484509114124714,-0.2975618613572061,-0.5379496234942243,-0.9245270618678236,-0.6349046544852895,0.0,1.0,1.0,0.0,1606,644.1995,961.8004760742188,961.8004760742188
-0.47358878196228,-1.439900451236779,-0.7279308290332401,0.8638647759968413,0.8931052195753741,-1.56060784489479,1.0816341037975656,-0.6349046544852895,0.0,1.0,1.0,0.0,1294,332.62207,961.3779296875,961.3779296875
-0.47358878196228,0.5887476688996721,-1.6685314127643625,-0.3997291555032748,-0.2975618613572061,0.9960377086066246,-0.9245270618678236,1.5750396424651971,0.0,1.0,1.0,0.0,1636,674.63983,961.3601684570312,961.3601684570312
1.419992464497724,-0.6814406123632144,-1.0414643569436144,0.5192482492240824,-0.2975618613572061,1.5073668193069074,1.0816341037975656,1.5750396424651971,1.0,0.0,1.0,0.0,1218,257.49313,960.5068664550781,960.5068664550781
-0.47358878196228,-1.0490790625129869,0.0559029907426951,0.0597595468604037,1.4884387600416644,-0.0266205127939412,-0.9245270618678236,-0.6349046544852895,0.0,1.0,1.0,0.0,1354,393.89532,960.1046752929688,960.1046752929688
-0.47358878196228,0.6881941722350717,1.3100371023841917,1.7828421807241983,-1.4882289422897863,1.5073668193069074,-0.9245270618678236,1.5750396424651971,0.0,1.0,1.0,0.0,1724,763.91534,960.0846557617188,960.0846557617188
3.313573710957728,-1.2296916683424783,0.2126697546978821,1.7828421807241983,0.8931052195753741,-1.0492787341945071,-0.9245270618678236,-0.6349046544852895,0.0,1.0,1.0,0.0,1236,276.24234,959.7576599121094,959.7576599121094
-0.47358878196228,0.4151783608821504,1.4668038663393788,0.6341204248150021,0.297771679109084,-0.0266205127939412,-0.9245270618678236,-0.6349046544852895,0.0,1.0,1.0,0.0,1751,791.371,959.6290283203125,959.6290283203125
-0.47358878196228,-1.0053942057023595,0.0559029907426951,0.0597595468604037,-0.8928954018234964,-1.0492787341945071,-0.9245270618678236,-0.6349046544852895,1.0,0.0,1.0,0.0,1307,347.4061,959.5939025878906,959.5939025878906
-0.47358878196228,-0.2599006520554335,-0.7279308290332401,1.4382256539514395,0.8931052195753741,0.9960377086066246,1.0816341037975656,1.5750396424651971,0.0,1.0,1.0,0.0,1435,476.142,958.8580017089844,958.8580017089844
-0.47358878196228,-0.7930715003261181,-0.257630537167679,1.0936091271786803,-1.4882289422897863,-1.56060784489479,-0.9245270618678236,-0.6349046544852895,1.0,0.0,1.0,0.0,1535,576.6865,958.3134765625,958.3134765625
1.419992464497724,-0.8417231294638272,-0.1008637732124919,0.1746317224513234,-0.8928954018234964,-0.5379496234942243,-0.9245270618678236,-0.6349046544852895,1.0,0.0,1.0,0.0,1456,497.76562,958.234375,958.234375
-0.47358878196228,-0.5228732359206625,-0.414397301122866,1.2084813027696002,1.4884387600416644,1.5073668193069074,-0.9245270618678236,1.5750396424651971,1.0,0.0,1.0,0.0,1417,459.28845,957.7115478515625,957.7115478515625
-0.47358878196228,-0.7098084122464973,-0.257630537167679,-0.3997291555032748,0.297771679109084,-1.0492787341945071,-0.9245270618678236,-0.6349046544852895,1.0,0.0,1.0,0.0,1551,593.63525,957.36474609375,957.36474609375
-0.47358878196228,-1.160531223338685,-0.7279308290332401,0.2895038980422431,0.297771679109084,-1.56060784489479,1.0816341037975656,-0.6349046544852895,0.0,1.0,1.0,0.0,1227,269.80945,957.1905517578125,957.1905517578125
-0.47358878196228,-0.535145177453311,-0.257630537167679,-0.5146013310941945,-0.8928954018234964,-0.0266205127939412,-0.9245270618678236,-0.6349046544852895,0.0,1.0,1.0,0.0,1624,667.1078,956.8922119140625,956.8922119140625
-0.47358878196228,-0.4983041317031569,0.0559029907426951,-0.8592178578669534,1.4884387600416644,-0.5379496234942243,-0.9245270618678236,-0.6349046544852895,1.0,0.0,1.0,0.0,1719,762.55505,956.4449462890625,956.4449462890625
-0.47358878196228,1.406657698460138,-0.414397301122866,-0.3997291555032748,0.8931052195753741,-0.0266205127939412,-0.9245270618678236,-0.6349046544852895,0.0,1.0,1.0,0.0,377,1333.2921,-956.2921142578125,956.2921142578125
-0.47358878196228,-0.7187629513004351,-0.414397301122866,0.2895038980422431,0.8931052195753741,-0.5379496234942243,-0.9245270618678236,-0.6349046544852895,1.0,0.0,1.0,0.0,1581,624.7498,956.2501831054688,956.2501831054688
-0.47358878196228,-0.5297164646636594,0.2126697546978821,0.2895038980422431,0.8931052195753741,-0.5379496234942243,-0.9245270618678236,-0.6349046544852895,1.0,0.0,1.0,0.0,1670,713.90283,956.09716796875,956.09716796875
-0.47358878196228,-0.4230734107637944,-0.5711640650780532,0.978736951587761,-0.8928954018234964,-0.5379496234942243,1.0816341037975656,-0.6349046544852895,1.0,0.0,1.0,0.0,1685,728.9605,956.0394897460938,956.0394897460938
-0.47358878196228,-0.2787381204178759,-0.414397301122866,0.1746317224513234,-0.8928954018234964,-0.5379496234942243,-0.9245270618678236,-0.6349046544852895,1.0,0.0,1.0,0.0,1739,783.26483,955.7351684570312,955.7351684570312
-0.47358878196228,-0.8533574626217731,0.9965035744738177,1.32335347836052,-0.2975618613572061,1.5073668193069074,1.0816341037975656,1.5750396424651971,1.0,0.0,1.0,0.0,1261,305.7542,955.2457885742188,955.2457885742188
-0.47358878196228,-0.767957341156756,-0.1008637732124919,-0.974090033457873,0.297771679109084,-0.0266205127939412,-0.9245270618678236,-0.6349046544852895,1.0,0.0,1.0,0.0,1495,540.07166,954.9283447265625,954.9283447265625
-0.47358878196228,0.2054110477244267,0.9965035744738177,1.0936091271786803,-0.8928954018234964,-0.0266205127939412,1.0816341037975656,-0.6349046544852895,0.0,1.0,1.0,0.0,1700,745.1086,954.8914184570312,954.8914184570312
1.419992464497724,-0.6830464819621839,0.2126697546978821,1.32335347836052,-0.2975618613572061,1.5073668193069074,-0.9245270618678236,1.5750396424651971,1.0,0.0,1.0,0.0,1392,437.53104,954.4689636230469,954.4689636230469
-0.47358878196228,-0.6609470589083576,-0.1008637732124919,0.6341204248150021,1.4884387600416644,-1.0492787341945071,-0.9245270618678236,-0.6349046544852895,1.0,0.0,1.0,0.0,1553,599.77606,953.2239379882812,953.2239379882812
-0.47358878196228,-0.6093602259702522,0.8397368105186305,-0.1699848043214355,0.297771679109084,-0.0266205127939412,1.0816341037975656,-0.6349046544852895,0.0,1.0,1.0,0.0,1475,521.9518,953.0482177734375,953.0482177734375
-0.47358878196228,-0.321679100874472,0.6829700465634434,0.7489926004059216,-0.2975618613572061,-1.0492787341945071,1.0816341037975656,-0.6349046544852895,0.0,1.0,1.0,0.0,1621,668.0503,952.94970703125,952.94970703125
-0.47358878196228,-0.4044572075688772,-0.7279308290332401,0.1746317224513234,1.4884387600416644,0.4847085979063416,1.0816341037975656,-0.6349046544852895,1.0,0.0,1.0,0.0,1673,720.11957,952.8804321289062,952.8804321289062
-0.47358878196228,-0.6173051206609805,1.1532703384290046,-0.3997291555032748,-0.2975618613572061,0.9960377086066246,-0.9245270618678236,1.5750396424651971,1.0,0.0,1.0,0.0,1440,487.1945,952.8055114746094,952.8055114746094
-0.47358878196228,-1.4347808891950828,-1.0414643569436144,-0.0551126287305158,-0.2975618613572061,-1.0492787341945071,1.0816341037975656,-0.6349046544852895,0.0,1.0,1.0,0.0,1387,434.22287,952.7771301269531,952.7771301269531
-0.47358878196228,0.2119220200125141,1.3100371023841917,-0.7443456822760337,-0.2975618613572061,-0.5379496234942243,-0.9245270618678236,-0.6349046544852895,0.0,1.0,1.0,0.0,1615,662.25995,952.7400512695312,952.7400512695312
1.419992464497724,-1.0559615353042808,0.2126697546978821,-1.663323087003391,1.4884387600416644,-0.5379496234942243,-0.9245270618678236,-0.6349046544852895,0.0,1.0,1.0,0.0,1333,380.69626,952.3037414550781,952.3037414550781
3.313573710957728,-1.129888550645315,0.6829700465634434,-0.5146013310941945,0.8931052195753741,-0.5379496234942243,1.0816341037975656,-0.6349046544852895,1.0,0.0,1.0,0.0,1293,341.12836,951.8716430664062,951.8716430664062
-0.47358878196228,-1.085887931646664,-0.5711640650780532,-0.5146013310941945,1.4884387600416644,0.9960377086066246,1.0816341037975656,1.5750396424651971,0.0,1.0,1.0,0.0,1172,220.1914,951.80859375,951.80859375
-0.47358878196228,-0.9599032240966509,-0.7279308290332401,-1.663323087003391,0.297771679109084,0.4847085979063416,1.0816341037975656,-0.6349046544852895,1.0,0.0,1.0,0.0,1337,385.60526,951.3947448730469,951.3947448730469
-0.47358878196228,-1.248132847099654,1.4668038663393788,0.2895038980422431,0.297771679109084,-1.56060784489479,-0.9245270618678236,-0.6349046544852895,0.0,1.0,1.0,0.0,1143,191.69386,951.3061370849609,951.3061370849609
-0.47358878196228,-1.2827096065980548,0.9965035744738177,-1.4335787358215517,-0.8928954018234964,-0.5379496234942243,1.0816341037975656,-0.6349046544852895,1.0,0.0,1.0,0.0,1147,196.04796,950.9520416259766,950.9520416259766
-0.47358878196228,-0.3610700357217564,0.2126697546978821,0.1746317224513234,0.8931052195753741,-1.0492787341945071,-0.9245270618678236,-0.6349046544852895,1.0,0.0,1.0,0.0,1741,790.2455,950.7545166015625,950.7545166015625
-0.47358878196228,0.1044274904902766,1.1532703384290046,0.6341204248150021,0.297771679109084,-0.0266205127939412,-0.9245270618678236,-0.6349046544852895,0.0,1.0,1.0,0.0,1695,744.3907,950.6093139648438,950.6093139648438
-0.47358878196228,-0.1028931440207975,1.4668038663393788,-0.8592178578669534,1.4884387600416644,-0.5379496234942243,-0.9245270618678236,-0.6349046544852895,0.0,1.0,1.0,0.0,1548,597.40485,950.5951538085938,950.5951538085938
-0.47358878196228,-0.4794617533148388,0.3694365186530692,-0.2848569799123551,0.8931052195753741,0.4847085979063416,1.0816341037975656,-0.6349046544852895,1.0,0.0,0.0,1.0,1631,680.46155,950.5384521484375,950.5384521484375
1.419992464497724,-0.6989537810080566,-1.0414643569436144,1.32335347836052,-1.4882289422897863,-0.5379496234942243,1.0816341037975656,-0.6349046544852895,1.0,0.0,1.0,0.0,1469,518.6506,950.3494262695312,950.3494262695312
-0.47358878196228,-0.90346967781023,-0.5711640650780532,1.2084813027696002,0.8931052195753741,-0.0266205127939412,1.0816341037975656,-0.6349046544852895,1.0,0.0,1.0,0.0,1408,458.0084,949.9916076660156,949.9916076660156
-0.47358878196228,-0.1478995233104043,-0.1008637732124919,0.4043760736331627,-0.2975618613572061,0.9960377086066246,-0.9245270618678236,1.5750396424651971,0.0,1.0,1.0,0.0,1611,661.0311,949.9688720703125,949.9688720703125
-0.47358878196228,-0.1789981741022136,0.3694365186530692,1.6679700051332789,1.4884387600416644,-0.0266205127939412,1.0816341037975656,-0.6349046544852895,0.0,1.0,1.0,0.0,1757,807.4086,949.5913696289062,949.5913696289062
-0.47358878196228,0.1850445527050741,1.3100371023841917,-0.2848569799123551,-1.4882289422897863,-0.5379496234942243,-0.9245270618678236,-0.6349046544852895,0.0,1.0,1.0,0.0,1589,639.9343,949.065673828125,949.065673828125
-0.47358878196228,-0.3150637740302281,0.0559029907426951,0.0597595468604037,-0.2975618613572061,-0.5379496234942243,-0.9245270618678236,-0.6349046544852895,1.0,0.0,1.0,0.0,1701,751.95874,949.041259765625,949.041259765625
-0.47358878196228,-1.2500723503200988,-1.9820649406747368,-0.974090033457873,0.8931052195753741,0.9960377086066246,-0.9245270618678236,1.5750396424651971,0.0,1.0,1.0,0.0,1170,221.38588,948.6141204833984,948.6141204833984
-0.47358878196228,-0.3890080304587844,0.2126697546978821,-0.7443456822760337,0.297771679109084,0.9960377086066246,-0.9245270618678236,1.5750396424651971,1.0,0.0,1.0,0.0,1550,602.46826,947.53173828125,947.53173828125
-0.47358878196228,-0.7255480034141097,-0.7279308290332401,-1.0889622090487927,0.8931052195753741,0.4847085979063416,1.0816341037975656,-0.6349046544852895,1.0,0.0,1.0,0.0,1495,548.64624,946.353759765625,946.353759765625
-0.47358878196228,0.1609630564989556,0.9965035744738177,0.5192482492240824,-0.8928954018234964,0.9960377086066246,1.0816341037975656,1.5750396424651971,1.0,0.0,1.0,0.0,1708,761.7587,946.2412719726562,946.2412719726562
-0.47358878196228,-0.409985256562288,-0.7279308290332401,1.5530978295423592,-0.8928954018234964,-1.56060784489479,1.0816341037975656,-0.6349046544852895,0.0,1.0,1.0,0.0,1613,667.0465,945.9534912109375,945.9534912109375
-0.47358878196228,-0.3180374991520618,0.3694365186530692,-1.318706560230632,-0.8928954018234964,-0.0266205127939412,1.0816341037975656,-0.6349046544852895,1.0,0.0,1.0,0.0,1618,672.2229,945.777099609375,945.777099609375
1.419992464497724,-0.8261595457596569,-0.257630537167679,-1.663323087003391,1.4884387600416644,-0.5379496234942243,-0.9245270618678236,-0.6349046544852895,1.0,0.0,1.0,0.0,1514,568.22955,945.7704467773438,945.7704467773438
-0.47358878196228,-0.5520811431635255,0.0559029907426951,-0.0551126287305158,0.8931052195753741,1.5073668193069074,-0.9245270618678236,1.5750396424651971,1.0,0.0,1.0,0.0,1468,522.3128,945.6871948242188,945.6871948242188
-0.47358878196228,-1.323965286620396,-0.1008637732124919,-0.974090033457873,1.4884387600416644,-1.0492787341945071,-0.9245270618678236,-0.6349046544852895,1.0,0.0,1.0,0.0,1255,309.40704,945.5929565429688,945.5929565429688
-0.47358878196228,-0.5663400482013814,-0.257630537167679,-0.1699848043214355,-1.4882289422897863,-0.0266205127939412,-0.9245270618678236,-0.6349046544852895,0.0,1.0,1.0,0.0,1565,619.46356,945.5364379882812,945.5364379882812
3.313573710957728,0.4911515451940217,-2.138831704629924,-0.6294735066851141,0.297771679109084,1.5073668193069074,-0.9245270618678236,1.5750396424651971,0.0,1.0,1.0,0.0,1763,817.5998,945.4002075195312,945.4002075195312
-0.47358878196228,-1.3928358280442643,-0.8846975929884272,-0.1699848043214355,-0.8928954018234964,1.5073668193069074,1.0816341037975656,1.5750396424651971,1.0,0.0,1.0,0.0,1219,273.8856,945.1144104003906,945.1144104003906
1.419992464497724,0.4359406209221294,-0.8846975929884272,0.2895038980422431,1.4884387600416644,0.9960377086066246,1.0816341037975656,1.5750396424651971,1.0,0.0,1.0,0.0,1667,721.931,945.0689697265625,945.0689697265625
-0.47358878196228,-0.789820154520276,-0.257630537167679,-0.1699848043214355,-0.2975618613572061,-1.56060784489479,-0.9245270618678236,-0.6349046544852895,1.0,0.0,1.0,0.0,1421,475.94952,945.0504760742188,945.0504760742188
-0.47358878196228,-0.6583872629327028,0.5262032826082563,-1.5484509114124714,-0.8928954018234964,-1.0492787341945071,1.0816341037975656,-0.6349046544852895,1.0,0.0,1.0,0.0,1440,495.05115,944.9488525390625,944.9488525390625
-0.47358878196228,0.08825285186801,-1.5117646488091756,0.978736951587761,-0.8928954018234964,-0.5379496234942243,-0.9245270618678236,-0.6349046544852895,1.0,0.0,1.0,0.0,1440,495.17712,944.8228759765625,944.8228759765625
-0.47358878196228,-0.4742893985618343,0.8397368105186305,-1.0889622090487927,1.4884387600416644,-1.56060784489479,1.0816341037975656,-0.6349046544852895,0.0,1.0,1.0,0.0,1459,514.54297,944.45703125,944.45703125
1.419992464497724,-0.5094566952962751,-0.7279308290332401,1.32335347836052,-0.2975618613572061,1.5073668193069074,1.0816341037975656,1.5750396424651971,0.0,1.0,1.0,0.0,1305,360.75082,944.2491760253906,944.2491760253906
-0.47358878196228,-0.5856604013093203,0.6829700465634434,-0.3997291555032748,0.8931052195753741,-0.0266205127939412,1.0816341037975656,-0.6349046544852895,1.0,0.0,1.0,0.0,1551,606.7815,944.218505859375,944.218505859375
-0.47358878196228,0.0351384834857332,0.0559029907426951,1.5530978295423592,0.8931052195753741,1.5073668193069074,-0.9245270618678236,1.5750396424651971,0.0,1.0,1.0,0.0,1609,665.33856,943.6614379882812,943.6614379882812
-0.47358878196228,-0.0860755945967108,-0.8846975929884272,-1.663323087003391,0.8931052195753741,1.5073668193069074,1.0816341037975656,1.5750396424651971,1.0,0.0,1.0,0.0,1434,490.622,943.3779907226562,943.3779907226562
-0.47358878196228,-1.1388174740934964,-0.1008637732124919,-1.663323087003391,-0.2975618613572061,-1.0492787341945071,-0.9245270618678236,-0.6349046544852895,1.0,0.0,1.0,0.0,1208,265.13452,942.865478515625,942.865478515625
-0.47358878196228,-0.7675888264020789,-0.1008637732124919,0.1746317224513234,0.8931052195753741,-1.0492787341945071,-0.9245270618678236,-0.6349046544852895,1.0,0.0,1.0,0.0,1512,569.1771,942.8228759765625,942.8228759765625
1.419992464497724,-0.4676282308225087,0.6829700465634434,-0.1699848043214355,-0.8928954018234964,1.5073668193069074,1.0816341037975656,1.5750396424651971,1.0,0.0,1.0,0.0,1505,562.82306,942.1769409179688,942.1769409179688
-0.47358878196228,-0.8922324779740318,-0.1008637732124919,-0.5146013310941945,-0.8928954018234964,-0.0266205127939412,-0.9245270618678236,-0.6349046544852895,1.0,0.0,1.0,0.0,1379,436.92963,942.0703735351562,942.0703735351562
-0.47358878196228,-0.4851889030998185,-0.5711640650780532,1.2084813027696002,-1.4882289422897863,-1.0492787341945071,1.0816341037975656,-0.6349046544852895,0.0,1.0,1.0,0.0,1753,810.9916,942.0084228515625,942.0084228515625
-0.47358878196228,-0.2361637003299971,0.3694365186530692,0.1746317224513234,0.8931052195753741,-1.0492787341945071,1.0816341037975656,-0.6349046544852895,0.0,1.0,1.0,0.0,1751,809.4149,941.5850830078125,941.5850830078125
-0.47358878196228,0.0778213543423272,-2.138831704629924,1.6679700051332789,-1.4882289422897863,0.9960377086066246,-0.9245270618678236,1.5750396424651971,0.0,1.0,1.0,0.0,1621,679.7633,941.2366943359375,941.2366943359375
-0.47358878196228,0.2666516075891898,-2.138831704629924,-0.6294735066851141,1.4884387600416644,0.4847085979063416,-0.9245270618678236,-0.6349046544852895,1.0,0.0,1.0,0.0,1599,657.90717,941.0928344726562,941.0928344726562
-0.47358878196228,-0.1238030397412822,1.4668038663393788,-1.5484509114124714,-0.8928954018234964,-1.0492787341945071,-0.9245270618678236,-0.6349046544852895,0.0,1.0,1.0,0.0,1441,499.93637,941.0636291503906,941.0636291503906
-0.47358878196228,-0.5368363150000984,1.1532703384290046,0.4043760736331627,0.297771679109084,-1.0492787341945071,-0.9245270618678236,-0.6349046544852895,0.0,1.0,1.0,0.0,1390,449.2018,940.7981872558594,940.7981872558594
1.419992464497724,-1.2297334909796704,0.6829700465634434,-1.318706560230632,1.4884387600416644,0.9960377086066246,1.0816341037975656,1.5750396424651971,1.0,0.0,1.0,0.0,1262,321.77838,940.2216186523438,940.2216186523438
1.419992464497724,-0.3945698690500142,1.3100371023841917,0.7489926004059216,1.4884387600416644,-0.5379496234942243,-0.9245270618678236,-0.6349046544852895,0.0,1.0,1.0,0.0,1451,511.01663,939.9833679199219,939.9833679199219
1.419992464497724,0.0125254470884786,-2.138831704629924,-0.974090033457873,-0.8928954018234964,1.5073668193069074,-0.9245270618678236,1.5750396424651971,1.0,0.0,1.0,0.0,1594,654.3553,939.6447143554688,939.6447143554688
1.419992464497724,-1.0728496530006946,0.5262032826082563,-0.5146013310941945,0.8931052195753741,-0.5379496234942243,1.0816341037975656,-0.6349046544852895,1.0,0.0,1.0,0.0,1313,374.28967,938.7103271484375,938.7103271484375
-0.47358878196228,-0.2308040200645592,-0.7279308290332401,1.5530978295423592,-0.2975618613572061,-1.0492787341945071,1.0816341037975656,-0.6349046544852895,1.0,0.0,1.0,0.0,1712,773.7517,938.248291015625,938.248291015625
-0.47358878196228,-0.4671523487297701,0.0559029907426951,1.32335347836052,-0.2975618613572061,1.5073668193069074,-0.9245270618678236,1.5750396424651971,0.0,1.0,1.0,0.0,1441,503.16467,937.8353271484375,937.8353271484375
-0.47358878196228,0.6412294576641306,-2.138831704629924,0.5192482492240824,1.4884387600416644,-1.56060784489479,-0.9245270618678236,-0.6349046544852895,1.0,0.0,1.0,0.0,1562,624.315,937.6849975585938,937.6849975585938
-0.47358878196228,0.0496280498624557,0.9965035744738177,0.2895038980422431,-0.8928954018234964,-0.0266205127939412,1.0816341037975656,-0.6349046544852895,0.0,1.0,1.0,0.0,1645,707.5061,937.493896484375,937.493896484375
1.419992464497724,-0.3923845658107286,-0.257630537167679,1.4382256539514395,-0.8928954018234964,1.5073668193069074,-0.9245270618678236,1.5750396424651971,1.0,0.0,1.0,0.0,1461,523.5289,937.4711303710938,937.4711303710938
-0.47358878196228,-0.64325391037255,-0.1008637732124919,-0.3997291555032748,-0.2975618613572061,0.9960377086066246,-0.9245270618678236,1.5750396424651971,0.0,1.0,1.0,0.0,1415,477.5365,937.4635009765625,937.4635009765625
-0.47358878196228,-1.436106319602476,-1.8252981767195493,-0.6294735066851141,0.8931052195753741,-1.0492787341945071,-0.9245270618678236,-0.6349046544852895,0.0,1.0,1.0,0.0,1176,238.68004,937.3199615478516,937.3199615478516
-0.47358878196228,-0.7264041618403543,0.6829700465634434,0.7489926004059216,0.297771679109084,0.4847085979063416,1.0816341037975656,-0.6349046544852895,0.0,1.0,1.0,0.0,1430,492.84088,937.1591186523438,937.1591186523438
-0.47358878196228,-0.1871199187875618,0.3694365186530692,0.0597595468604037,-0.8928954018234964,-1.0492787341945071,1.0816341037975656,-0.6349046544852895,0.0,1.0,1.0,0.0,1666,729.3674,936.6326293945312,936.6326293945312
-0.47358878196228,0.155384224043413,0.8397368105186305,0.7489926004059216,1.4884387600416644,-0.5379496234942243,1.0816341037975656,-0.6349046544852895,1.0,0.0,1.0,0.0,1759,822.4158,936.584228515625,936.584228515625
-0.47358878196228,-0.2930915352698383,0.5262032826082563,-0.6294735066851141,0.8931052195753741,-1.0492787341945071,1.0816341037975656,-0.6349046544852895,1.0,0.0,1.0,0.0,1676,740.11475,935.88525390625,935.88525390625
-0.47358878196228,-1.425124087242203,-2.138831704629924,-0.1699848043214355,0.297771679109084,-0.0266205127939412,-0.9245270618678236,-0.6349046544852895,0.0,1.0,1.0,0.0,1188,252.2714,935.7286071777344,935.7286071777344
-0.47358878196228,-1.3439918983762238,-1.9820649406747368,-0.1699848043214355,-0.8928954018234964,1.5073668193069074,-0.9245270618678236,1.5750396424651971,0.0,1.0,1.0,0.0,1188,253.26439,934.7356109619141,934.7356109619141
-0.47358878196228,-0.7765680841972473,0.2126697546978821,-0.7443456822760337,1.4884387600416644,-0.0266205127939412,-0.9245270618678236,-0.6349046544852895,0.0,1.0,1.0,0.0,1498,563.6928,934.3071899414062,934.3071899414062
-0.47358878196228,-0.4009962941222129,1.4668038663393788,1.32335347836052,0.8931052195753741,0.4847085979063416,-0.9245270618678236,-0.6349046544852895,0.0,1.0,1.0,0.0,1475,540.9673,934.03271484375,934.03271484375
-0.47358878196228,-0.1869821701744654,0.2126697546978821,0.8638647759968413,-0.8928954018234964,-1.0492787341945071,-0.9245270618678236,-0.6349046544852895,1.0,0.0,1.0,0.0,1733,799.25555,933.7444458007812,933.7444458007812
-0.47358878196228,-0.7403663430375025,0.2126697546978821,0.2895038980422431,0.8931052195753741,-0.5379496234942243,-0.9245270618678236,-0.6349046544852895,1.0,0.0,1.0,0.0,1522,588.33136,933.6686401367188,933.6686401367188
-0.47358878196228,-0.3350546726470711,0.3694365186530692,1.32335347836052,-1.4882289422897863,-0.5379496234942243,1.0816341037975656,-0.6349046544852895,1.0,0.0,1.0,0.0,1704,770.43085,933.5691528320312,933.5691528320312
1.419992464497724,1.0184380886611002,1.3100371023841917,-0.3997291555032748,1.4884387600416644,1.5073668193069074,-0.9245270618678236,1.5750396424651971,0.0,1.0,1.0,0.0,1743,809.8405,933.1594848632812,933.1594848632812
1.419992464497724,0.1002957898477291,-1.5117646488091756,1.4382256539514395,-0.2975618613572061,-1.56060784489479,-0.9245270618678236,-0.6349046544852895,0.0,1.0,1.0,0.0,1390,457.79303,932.2069702148438,932.2069702148438
-0.47358878196228,-0.6336852874858953,0.8397368105186305,1.4382256539514395,0.8931052195753741,0.9960377086066246,1.0816341037975656,1.5750396424651971,0.0,1.0,1.0,0.0,1423,490.9702,932.02978515625,932.02978515625
-0.47358878196228,2.6134549577246577,0.3694365186530692,0.7489926004059216,0.297771679109084,0.4847085979063416,1.0816341037975656,-0.6349046544852895,1.0,0.0,1.0,0.0,488,1419.5702,-931.5701904296875,931.5701904296875
-0.47358878196228,-0.6032520959032107,-0.414397301122866,1.7828421807241983,-0.2975618613572061,-0.0266205127939412,-0.9245270618678236,-0.6349046544852895,1.0,0.0,1.0,0.0,1552,621.211,930.7890014648438,930.7890014648438
-0.47358878196228,-0.4760539382034705,0.2126697546978821,-1.5484509114124714,-1.4882289422897863,0.9960377086066246,-0.9245270618678236,1.5750396424651971,1.0,0.0,1.0,0.0,1389,458.34735,930.6526489257812,930.6526489257812
-0.47358878196228,-0.4251288750517263,1.1532703384290046,1.5530978295423592,-1.4882289422897863,0.4847085979063416,-0.9245270618678236,-0.6349046544852895,0.0,1.0,1.0,0.0,1510,579.37317,930.6268310546875,930.6268310546875
-0.47358878196228,-0.493222221811624,-0.414397301122866,1.32335347836052,-1.4882289422897863,-0.5379496234942243,-0.9245270618678236,-0.6349046544852895,1.0,0.0,1.0,0.0,1693,762.57886,930.421142578125,930.421142578125
-0.47358878196228,-0.4118841221192377,0.6829700465634434,0.2895038980422431,-0.8928954018234964,-0.0266205127939412,1.0816341037975656,-0.6349046544852895,1.0,0.0,1.0,0.0,1567,636.6207,930.3792724609375,930.3792724609375
-0.47358878196228,-0.2525127023249423,-0.8846975929884272,1.0936091271786803,0.8931052195753741,-0.5379496234942243,1.0816341037975656,-0.6349046544852895,1.0,0.0,1.0,0.0,1689,758.64496,930.3550415039062,930.3550415039062
-0.47358878196228,-0.3767880456187894,-0.414397301122866,-1.4335787358215517,-0.2975618613572061,-0.0266205127939412,-0.9245270618678236,-0.6349046544852895,1.0,0.0,1.0,0.0,1677,746.7364,930.2636108398438,930.2636108398438
-0.47358878196228,-0.1005619351458792,0.6829700465634434,-1.4335787358215517,1.4884387600416644,0.4847085979063416,1.0816341037975656,-0.6349046544852895,1.0,0.0,1.0,0.0,1746,816.0513,929.94873046875,929.94873046875
-0.47358878196228,-0.9073567395725676,0.3694365186530692,-0.8592178578669534,1.4884387600416644,-0.5379496234942243,1.0816341037975656,-0.6349046544852895,0.0,1.0,1.0,0.0,1399,469.3382,929.6618041992188,929.6618041992188
-0.47358878196228,-0.194449168547297,0.6829700465634434,-0.3997291555032748,0.8931052195753741,-0.0266205127939412,1.0816341037975656,-0.6349046544852895,1.0,0.0,1.0,0.0,1722,792.509,929.4910278320312,929.4910278320312
-0.47358878196228,-0.4867013595933432,0.5262032826082563,0.4043760736331627,-0.8928954018234964,0.4847085979063416,1.0816341037975656,-0.6349046544852895,0.0,1.0,1.0,0.0,1519,589.5159,929.4840698242188,929.4840698242188
1.419992464497724,-0.8893206817067404,0.5262032826082563,-1.4335787358215517,0.297771679109084,1.5073668193069074,1.0816341037975656,1.5750396424651971,1.0,0.0,1.0,0.0,1304,374.63174,929.3682556152344,929.3682556152344
-0.47358878196228,-0.4236260138362805,0.0559029907426951,1.0936091271786803,-0.8928954018234964,-0.0266205127939412,-0.9245270618678236,-0.6349046544852895,0.0,1.0,1.0,0.0,1619,690.19714,928.8028564453125,928.8028564453125
-0.47358878196228,-0.4976604740655639,-0.1008637732124919,-0.2848569799123551,0.297771679109084,-0.5379496234942243,-0.9245270618678236,-0.6349046544852895,0.0,1.0,1.0,0.0,1633,704.3226,928.6774291992188,928.6774291992188
-0.47358878196228,-1.391318546828518,0.9965035744738177,-1.663323087003391,0.297771679109084,0.4847085979063416,1.0816341037975656,-0.6349046544852895,0.0,1.0,1.0,0.0,1258,329.99573,928.0042724609375,928.0042724609375
-0.47358878196228,-0.0454618950144209,0.3694365186530692,-1.5484509114124714,-0.2975618613572061,-0.5379496234942243,1.0816341037975656,-0.6349046544852895,1.0,0.0,1.0,0.0,1721,793.3413,927.65869140625,927.65869140625
1.419992464497724,-0.8342558031224162,0.6829700465634434,-0.3997291555032748,0.8931052195753741,-0.0266205127939412,1.0816341037975656,-0.6349046544852895,1.0,0.0,0.0,1.0,1420,492.4282,927.5718078613281,927.5718078613281
-0.47358878196228,-0.5303879738830432,-0.1008637732124919,1.0936091271786803,0.8931052195753741,-0.5379496234942243,-0.9245270618678236,-0.6349046544852895,0.0,1.0,1.0,0.0,1642,714.74786,927.2521362304688,927.2521362304688
-0.47358878196228,-0.8891675222557213,-0.414397301122866,-1.5484509114124714,0.8931052195753741,-1.56060784489479,-0.9245270618678236,-0.6349046544852895,1.0,0.0,1.0,0.0,1357,430.18146,926.8185424804688,926.8185424804688
-0.47358878196228,0.0702559801067309,0.9965035744738177,0.6341204248150021,0.297771679109084,-0.0266205127939412,1.0816341037975656,-0.6349046544852895,0.0,1.0,1.0,0.0,1674,747.4072,926.5927734375,926.5927734375
-0.47358878196228,-0.3669774411102444,-0.5711640650780532,-1.2038343846397124,0.297771679109084,-1.0492787341945071,1.0816341037975656,-0.6349046544852895,1.0,0.0,1.0,0.0,1715,788.446,926.5540161132812,926.5540161132812
-0.47358878196228,-1.0707826434412129,-0.5711640650780532,-0.0551126287305158,0.297771679109084,0.4847085979063416,1.0816341037975656,-0.6349046544852895,1.0,0.0,1.0,0.0,1278,351.46304,926.5369567871094,926.5369567871094
-0.47358878196228,-0.3139251412336122,0.0559029907426951,-1.0889622090487927,0.8931052195753741,0.4847085979063416,-0.9245270618678236,-0.6349046544852895,1.0,0.0,1.0,0.0,1703,776.5699,926.4301147460938,926.4301147460938
1.419992464497724,-0.0230288906034539,0.9965035744738177,1.6679700051332789,-1.4882289422897863,0.9960377086066246,1.0816341037975656,1.5750396424651971,1.0,0.0,1.0,0.0,1704,777.5975,926.4025268554688,926.4025268554688
3.313573710957728,-1.1322299273401268,-0.8846975929884272,1.2084813027696002,0.8931052195753741,-0.0266205127939412,1.0816341037975656,-0.6349046544852895,0.0,1.0,1.0,0.0,1211,284.7454,926.2546081542969,926.2546081542969
3.313573710957728,-0.2814521555645397,1.4668038663393788,-1.0889622090487927,-0.8928954018234964,0.9960377086066246,-0.9245270618678236,1.5750396424651971,1.0,0.0,1.0,0.0,1582,656.2402,925.7598266601562,925.7598266601562
-0.47358878196228,-1.390787108684107,-0.5711640650780532,0.5192482492240824,-1.4882289422897863,-0.5379496234942243,1.0816341037975656,-0.6349046544852895,1.0,0.0,1.0,0.0,1264,338.37854,925.6214599609375,925.6214599609375
-0.47358878196228,-0.7090050645598369,-0.414397301122866,1.32335347836052,-0.2975618613572061,1.5073668193069074,-0.9245270618678236,1.5750396424651971,0.0,1.0,1.0,0.0,1271,345.64432,925.3556823730469,925.3556823730469
1.419992464497724,0.3642589727743892,0.6829700465634434,0.2895038980422431,-1.4882289422897863,-1.56060784489479,1.0816341037975656,-0.6349046544852895,1.0,0.0,1.0,0.0,1730,804.72144,925.278564453125,925.278564453125
1.419992464497724,-0.7932466798116811,0.2126697546978821,-1.4335787358215517,-0.2975618613572061,-0.0266205127939412,-0.9245270618678236,-0.6349046544852895,1.0,0.0,1.0,0.0,1433,507.92746,925.0725402832031,925.0725402832031
-0.47358878196228,-0.3169868060866299,0.6829700465634434,-0.5146013310941945,0.8931052195753741,-0.5379496234942243,1.0816341037975656,-0.6349046544852895,0.0,1.0,1.0,0.0,1658,733.20544,924.7945556640625,924.7945556640625
3.313573710957728,0.5973670336438741,-2.138831704629924,-1.663323087003391,0.8931052195753741,1.5073668193069074,-0.9245270618678236,1.5750396424651971,0.0,1.0,1.0,0.0,1762,837.53674,924.4632568359375,924.4632568359375
-0.47358878196228,0.1136623844988927,1.4668038663393788,-1.318706560230632,-0.2975618613572061,0.4847085979063416,-0.9245270618678236,-0.6349046544852895,1.0,0.0,1.0,0.0,1632,707.9631,924.0369262695312,924.0369262695312
1.419992464497724,-0.700498049353891,-0.1008637732124919,-0.974090033457873,0.297771679109084,-0.0266205127939412,-0.9245270618678236,-0.6349046544852895,1.0,0.0,1.0,0.0,1543,619.1029,923.8970947265625,923.8970947265625
-0.47358878196228,-0.5242861614518073,-0.414397301122866,-0.0551126287305158,-1.4882289422897863,0.4847085979063416,-0.9245270618678236,-0.6349046544852895,0.0,1.0,1.0,0.0,1516,592.10645,923.8935546875,923.8935546875
-0.47358878196228,0.4928704378036622,1.1532703384290046,-0.8592178578669534,0.8931052195753741,1.5073668193069074,-0.9245270618678236,1.5750396424651971,1.0,0.0,1.0,0.0,1614,690.1859,923.8140869140625,923.8140869140625
-0.47358878196228,-0.8535024494742034,1.3100371023841917,-0.0551126287305158,-0.2975618613572061,-1.0492787341945071,-0.9245270618678236,-0.6349046544852895,0.0,1.0,1.0,0.0,1232,308.84036,923.1596374511719,923.1596374511719
-0.47358878196228,-0.8676891288914175,-2.138831704629924,1.7828421807241983,-1.4882289422897863,1.5073668193069074,-0.9245270618678236,1.5750396424651971,1.0,0.0,1.0,0.0,1286,363.12988,922.8701171875,922.8701171875
-0.47358878196228,-0.5810256355377618,0.8397368105186305,-0.1699848043214355,-0.8928954018234964,1.5073668193069074,1.0816341037975656,1.5750396424651971,0.0,1.0,1.0,0.0,1418,495.16705,922.8329467773438,922.8329467773438
1.419992464497724,-0.6504646791509272,0.9965035744738177,1.32335347836052,0.8931052195753741,0.4847085979063416,1.0816341037975656,-0.6349046544852895,0.0,1.0,1.0,0.0,1377,454.43967,922.5603332519531,922.5603332519531
-0.47358878196228,-0.0492962156582192,-0.1008637732124919,1.32335347836052,1.4884387600416644,-1.56060784489479,-0.9245270618678236,-0.6349046544852895,0.0,1.0,1.0,0.0,1734,811.7559,922.2440795898438,922.2440795898438
-0.47358878196228,-0.7149133648079078,-0.257630537167679,-1.663323087003391,-0.2975618613572061,-1.0492787341945071,-0.9245270618678236,-0.6349046544852895,0.0,1.0,1.0,0.0,1463,541.05865,921.9413452148438,921.9413452148438
1.419992464497724,-1.4628562486638832,-1.0414643569436144,-1.318706560230632,-0.2975618613572061,0.4847085979063416,1.0816341037975656,-0.6349046544852895,0.0,1.0,1.0,0.0,1319,397.61285,921.3871459960938,921.3871459960938
-0.47358878196228,-1.3982121020838594,-1.0414643569436144,-1.663323087003391,1.4884387600416644,-0.5379496234942243,1.0816341037975656,-0.6349046544852895,1.0,0.0,1.0,0.0,1227,305.61874,921.3812561035156,921.3812561035156
1.419992464497724,-0.936353688017383,-0.257630537167679,-0.1699848043214355,-0.8928954018234964,1.5073668193069074,-0.9245270618678236,1.5750396424651971,1.0,0.0,1.0,0.0,1258,336.62216,921.3778381347656,921.3778381347656
-0.47358878196228,-0.6343226055466495,0.9965035744738177,-1.318706560230632,1.4884387600416644,0.9960377086066246,1.0816341037975656,1.5750396424651971,1.0,0.0,1.0,0.0,1397,475.8545,921.1455078125,921.1455078125
-0.47358878196228,0.0105474500404619,-0.7279308290332401,-0.974090033457873,-0.2975618613572061,-1.56060784489479,1.0816341037975656,-0.6349046544852895,1.0,0.0,1.0,0.0,1747,825.89575,921.104248046875,921.104248046875
-0.47358878196228,-0.7167305463201491,-2.138831704629924,0.6341204248150021,-0.8928954018234964,1.5073668193069074,-0.9245270618678236,1.5750396424651971,0.0,1.0,1.0,0.0,1333,412.03577,920.9642333984375,920.9642333984375
-0.47358878196228,0.0628208410458343,0.3694365186530692,-1.663323087003391,-0.2975618613572061,-1.0492787341945071,1.0816341037975656,-0.6349046544852895,1.0,0.0,1.0,0.0,1733,812.1704,920.82958984375,920.82958984375
-0.47358878196228,-0.3387067602349294,0.6829700465634434,-0.5146013310941945,-0.8928954018234964,-0.0266205127939412,1.0816341037975656,-0.6349046544852895,1.0,0.0,1.0,0.0,1592,671.18976,920.8102416992188,920.8102416992188
-0.47358878196228,-0.9315619797095164,-1.8252981767195493,0.0597595468604037,1.4884387600416644,-0.0266205127939412,-0.9245270618678236,-0.6349046544852895,0.0,1.0,1.0,0.0,1147,226.22897,920.7710266113281,920.7710266113281
-0.47358878196228,-0.0338735726026349,0.6829700465634434,-1.4335787358215517,-0.2975618613572061,-0.0266205127939412,1.0816341037975656,-0.6349046544852895,0.0,1.0,1.0,0.0,1710,789.2808,920.7191772460938,920.7191772460938
-0.47358878196228,-0.6147474621921201,0.5262032826082563,0.978736951587761,1.4884387600416644,0.4847085979063416,1.0816341037975656,-0.6349046544852895,1.0,0.0,1.0,0.0,1469,548.5051,920.494873046875,920.494873046875
-0.47358878196228,1.2755339015313134,-0.5711640650780532,-0.1699848043214355,-0.8928954018234964,1.5073668193069074,1.0816341037975656,1.5750396424651971,1.0,0.0,1.0,0.0,1762,841.52374,920.4762573242188,920.4762573242188
1.419992464497724,-0.4819465788117459,0.5262032826082563,0.8638647759968413,1.4884387600416644,-0.0266205127939412,1.0816341037975656,-0.6349046544852895,0.0,1.0,1.0,0.0,1587,666.5429,920.4570922851562,920.4570922851562
3.313573710957728,-0.504365907235394,1.3100371023841917,-0.3997291555032748,-0.2975618613572061,0.9960377086066246,-0.9245270618678236,1.5750396424651971,0.0,1.0,1.0,0.0,1461,540.88684,920.1131591796875,920.1131591796875
-0.47358878196228,0.5293626757526774,1.3100371023841917,-0.974090033457873,0.297771679109084,-0.0266205127939412,-0.9245270618678236,-0.6349046544852895,1.0,0.0,1.0,0.0,1765,845.10956,919.8904418945312,919.8904418945312
3.313573710957728,-0.4297951509366147,0.5262032826082563,-0.1699848043214355,0.8931052195753741,0.9960377086066246,1.0816341037975656,1.5750396424651971,0.0,1.0,1.0,0.0,1537,617.4205,919.5795288085938,919.5795288085938
-0.47358878196228,-0.7734444771967993,0.2126697546978821,1.5530978295423592,1.4884387600416644,-0.5379496234942243,-0.9245270618678236,-0.6349046544852895,0.0,1.0,1.0,0.0,1463,543.48755,919.512451171875,919.512451171875
-0.47358878196228,-0.3735154905702409,0.6829700465634434,-1.663323087003391,-0.2975618613572061,-1.0492787341945071,1.0816341037975656,-0.6349046544852895,1.0,0.0,1.0,0.0,1551,631.6685,919.3314819335938,919.3314819335938
-0.47358878196228,-1.3108437297157007,0.8397368105186305,-0.7443456822760337,0.297771679109084,0.9960377086066246,1.0816341037975656,1.5750396424651971,1.0,0.0,1.0,0.0,1201,282.0535,918.9465026855469,918.9465026855469
-0.47358878196228,-1.4480321532118603,0.2126697546978821,0.1746317224513234,0.8931052195753741,-1.0492787341945071,-0.9245270618678236,-0.6349046544852895,1.0,0.0,1.0,0.0,1038,119.09295,918.9070510864258,918.9070510864258
-0.47358878196228,-0.3171724887365215,0.3694365186530692,-0.2848569799123551,0.8931052195753741,0.4847085979063416,1.0816341037975656,-0.6349046544852895,0.0,1.0,1.0,0.0,1673,754.10724,918.8927612304688,918.8927612304688
-0.47358878196228,-0.6098625794469672,-0.1008637732124919,-0.5146013310941945,-0.2975618613572061,0.4847085979063416,-0.9245270618678236,-0.6349046544852895,1.0,0.0,1.0,0.0,1488,569.1901,918.8098754882812,918.8098754882812
-0.47358878196228,-0.2609704273549015,-0.257630537167679,-0.1699848043214355,-0.8928954018234964,1.5073668193069074,-0.9245270618678236,1.5750396424651971,1.0,0.0,1.0,0.0,1469,550.2085,918.79150390625,918.79150390625
-0.47358878196228,-1.08858702081671,0.0559029907426951,1.2084813027696002,-0.2975618613572061,0.9960377086066246,-0.9245270618678236,1.5750396424651971,1.0,0.0,1.0,0.0,1162,243.3099,918.6900939941406,918.6900939941406
-0.47358878196228,0.3417461197163132,-1.1982311208988017,0.2895038980422431,-0.8928954018234964,-0.0266205127939412,-0.9245270618678236,-0.6349046544852895,0.0,1.0,1.0,0.0,1475,556.6826,918.3173828125,918.3173828125
-0.47358878196228,-0.1074592945533261,0.9965035744738177,0.7489926004059216,0.297771679109084,0.4847085979063416,1.0816341037975656,-0.6349046544852895,1.0,0.0,1.0,0.0,1612,693.7295,918.2705078125,918.2705078125
1.419992464497724,-1.2184943236378742,0.5262032826082563,0.2895038980422431,0.297771679109084,-1.56060784489479,1.0816341037975656,-0.6349046544852895,0.0,1.0,1.0,0.0,1163,244.95766,918.0423431396484,918.0423431396484
1.419992464497724,-1.4193323887827285,1.1532703384290046,-1.4335787358215517,-0.8928954018234964,-0.5379496234942243,-0.9245270618678236,-0.6349046544852895,0.0,1.0,1.0,0.0,1201,283.16226,917.8377380371094,917.8377380371094
-0.47358878196228,-0.3055696880254577,0.5262032826082563,1.6679700051332789,-0.2975618613572061,-0.5379496234942243,1.0816341037975656,-0.6349046544852895,0.0,1.0,1.0,0.0,1629,711.20184,917.7981567382812,917.7981567382812
-0.47358878196228,-0.8299113876213191,-0.414397301122866,0.1746317224513234,0.8931052195753741,-1.0492787341945071,-0.9245270618678236,-0.6349046544852895,0.0,1.0,1.0,0.0,1462,544.2853,917.7147216796875,917.7147216796875
-0.47358878196228,-0.8091419532848518,0.5262032826082563,-0.0551126287305158,0.8931052195753741,1.5073668193069074,1.0816341037975656,1.5750396424651971,1.0,0.0,1.0,0.0,1314,396.4279,917.5721130371094,917.5721130371094
-0.47358878196228,-0.2310187155680021,-0.8846975929884272,0.6341204248150021,0.297771679109084,-0.0266205127939412,1.0816341037975656,-0.6349046544852895,0.0,1.0,1.0,0.0,1699,781.48737,917.5126342773438,917.5126342773438
-0.47358878196228,0.1746281353253704,0.9965035744738177,-0.0551126287305158,0.8931052195753741,1.5073668193069074,1.0816341037975656,1.5750396424651971,0.0,1.0,1.0,0.0,1582,664.4876,917.5123901367188,917.5123901367188
1.419992464497724,-0.7005751834307754,0.0559029907426951,0.4043760736331627,-0.8928954018234964,0.4847085979063416,-0.9245270618678236,-0.6349046544852895,1.0,0.0,1.0,0.0,1462,544.5065,917.4935302734375,917.4935302734375
-0.47358878196228,-0.8603442647134032,1.3100371023841917,-1.5484509114124714,0.297771679109084,0.9960377086066246,-0.9245270618678236,1.5750396424651971,0.0,1.0,1.0,0.0,1317,399.55518,917.44482421875,917.44482421875
-0.47358878196228,-1.1605881195118162,0.2126697546978821,-1.4335787358215517,-0.8928954018234964,-0.5379496234942243,-0.9245270618678236,-0.6349046544852895,0.0,1.0,1.0,0.0,1196,278.76285,917.2371520996094,917.2371520996094
-0.47358878196228,-1.451898623433956,-0.7279308290332401,1.32335347836052,1.4884387600416644,-1.56060784489479,1.0816341037975656,-0.6349046544852895,1.0,0.0,1.0,0.0,1027,109.848976,917.1510238647461,917.1510238647461
-0.47358878196228,-0.8441569746812687,-1.9820649406747368,-1.0889622090487927,-0.2975618613572061,1.5073668193069074,-0.9245270618678236,1.5750396424651971,0.0,1.0,1.0,0.0,1254,336.92877,917.0712280273438,917.0712280273438
1.419992464497724,-0.460581014268727,0.5262032826082563,0.7489926004059216,0.297771679109084,0.4847085979063416,1.0816341037975656,-0.6349046544852895,1.0,0.0,1.0,0.0,1585,668.1285,916.8715209960938,916.8715209960938
-0.47358878196228,-1.4381295563648036,-1.0414643569436144,1.5530978295423592,-0.2975618613572061,-1.0492787341945071,1.0816341037975656,-0.6349046544852895,0.0,1.0,1.0,0.0,1342,426.14725,915.8527526855469,915.8527526855469
-0.47358878196228,-0.6919535592213638,-0.7279308290332401,0.1746317224513234,0.8931052195753741,-1.0492787341945071,1.0816341037975656,-0.6349046544852895,0.0,1.0,1.0,0.0,1524,608.8061,915.1939086914062,915.1939086914062
-0.47358878196228,-0.6347721855060943,0.0559029907426951,1.4382256539514395,-0.8928954018234964,1.5073668193069074,-0.9245270618678236,1.5750396424651971,0.0,1.0,1.0,0.0,1346,431.02487,914.9751281738281,914.9751281738281
1.419992464497724,-0.0158582699421806,1.3100371023841917,-0.8592178578669534,-1.4882289422897863,0.4847085979063416,-0.9245270618678236,-0.6349046544852895,0.0,1.0,1.0,0.0,1557,642.0428,914.9572143554688,914.9572143554688
-0.47358878196228,-0.9771548667457156,1.4668038663393788,0.4043760736331627,-0.2975618613572061,0.9960377086066246,-0.9245270618678236,1.5750396424651971,0.0,1.0,1.0,0.0,1246,331.91516,914.0848388671875,914.0848388671875
1.419992464497724,-0.2475741083275113,1.4668038663393788,-0.7443456822760337,-0.2975618613572061,-0.5379496234942243,-0.9245270618678236,-0.6349046544852895,1.0,0.0,1.0,0.0,1410,496.28067,913.7193298339844,913.7193298339844
-0.47358878196228,-0.1563677343258669,1.1532703384290046,1.2084813027696002,1.4884387600416644,1.5073668193069074,-0.9245270618678236,1.5750396424651971,1.0,0.0,1.0,0.0,1461,547.3459,913.6541137695312,913.6541137695312
-0.47358878196228,0.001861631108982,-0.7279308290332401,-0.974090033457873,-1.4882289422897863,-0.0266205127939412,1.0816341037975656,-0.6349046544852895,0.0,1.0,1.0,0.0,1746,832.4696,913.5303955078125,913.5303955078125
-0.47358878196228,-0.0510526779095054,-2.138831704629924,1.4382256539514395,-0.8928954018234964,1.5073668193069074,-0.9245270618678236,1.5750396424651971,1.0,0.0,1.0,0.0,1516,602.4904,913.5095825195312,913.5095825195312
-0.47358878196228,-0.6476232660246058,0.9965035744738177,0.5192482492240824,0.8931052195753741,0.4847085979063416,1.0816341037975656,-0.6349046544852895,0.0,1.0,1.0,0.0,1399,485.63525,913.36474609375,913.36474609375
-0.47358878196228,0.0495791152262401,-0.7279308290332401,0.7489926004059216,-0.8928954018234964,-1.56060784489479,1.0816341037975656,-0.6349046544852895,0.0,1.0,1.0,0.0,1733,819.8667,913.13330078125,913.13330078125
-0.47358878196228,-0.9206229255386318,-0.1008637732124919,-1.4335787358215517,0.297771679109084,1.5073668193069074,-0.9245270618678236,1.5750396424651971,1.0,0.0,1.0,0.0,1251,338.0234,912.9765930175781,912.9765930175781
3.313573710957728,-0.3950766686383498,0.6829700465634434,1.4382256539514395,1.4884387600416644,-1.0492787341945071,1.0816341037975656,-0.6349046544852895,1.0,0.0,1.0,0.0,1598,685.2017,912.7982788085938,912.7982788085938
3.313573710957728,-0.1327742677458606,0.6829700465634434,-1.318706560230632,1.4884387600416644,0.9960377086066246,1.0816341037975656,1.5750396424651971,0.0,1.0,1.0,0.0,1659,746.34064,912.6593627929688,912.6593627929688
-0.47358878196228,-0.9198653524774124,-0.257630537167679,-0.0551126287305158,1.4884387600416644,-0.5379496234942243,-0.9245270618678236,-0.6349046544852895,0.0,1.0,1.0,0.0,1395,482.54974,912.4502563476562,912.4502563476562
-0.47358878196228,-0.5999972776256066,0.8397368105186305,-1.5484509114124714,0.297771679109084,0.9960377086066246,1.0816341037975656,1.5750396424651971,1.0,0.0,1.0,0.0,1456,543.57294,912.4270629882812,912.4270629882812
-0.47358878196228,0.293431233149201,-1.0414643569436144,0.0597595468604037,1.4884387600416644,-0.0266205127939412,1.0816341037975656,-0.6349046544852895,0.0,1.0,1.0,0.0,1672,759.60144,912.3985595703125,912.3985595703125
-0.47358878196228,0.2383451889495237,1.3100371023841917,0.8638647759968413,0.297771679109084,0.9960377086066246,-0.9245270618678236,1.5750396424651971,0.0,1.0,1.0,0.0,1692,780.2191,911.7808837890625,911.7808837890625
-0.47358878196228,-0.01035245797552,0.6829700465634434,-0.5146013310941945,1.4884387600416644,0.9960377086066246,1.0816341037975656,1.5750396424651971,0.0,1.0,1.0,0.0,1685,773.46265,911.537353515625,911.537353515625
-0.47358878196228,-1.2166154906341746,1.4668038663393788,-0.0551126287305158,1.4884387600416644,-0.5379496234942243,-0.9245270618678236,-0.6349046544852895,0.0,1.0,1.0,0.0,1108,196.48123,911.5187683105469,911.5187683105469
-0.47358878196228,-0.5568718291927307,0.8397368105186305,-0.1699848043214355,0.8931052195753741,0.9960377086066246,1.0816341037975656,1.5750396424651971,1.0,0.0,1.0,0.0,1490,578.5672,911.4328002929688,911.4328002929688
-0.47358878196228,-0.1216902593874142,-0.5711640650780532,1.32335347836052,0.8931052195753741,0.4847085979063416,1.0816341037975656,-0.6349046544852895,1.0,0.0,1.0,0.0,1748,836.8248,911.1751708984375,911.1751708984375
-0.47358878196228,-0.9133150100244324,-0.257630537167679,0.2895038980422431,-0.8928954018234964,-0.0266205127939412,-0.9245270618678236,-0.6349046544852895,1.0,0.0,1.0,0.0,1345,434.58353,910.4164733886719,910.4164733886719
-0.47358878196228,-0.7662189831492167,0.8397368105186305,1.2084813027696002,0.8931052195753741,-0.0266205127939412,1.0816341037975656,-0.6349046544852895,1.0,0.0,1.0,0.0,1365,454.67987,910.3201293945312,910.3201293945312
-0.47358878196228,-0.1274394872248388,0.5262032826082563,-1.4335787358215517,0.8931052195753741,-1.0492787341945071,1.0816341037975656,-0.6349046544852895,0.0,1.0,1.0,0.0,1738,827.87573,910.124267578125,910.124267578125
1.419992464497724,-0.8888239026767949,-0.414397301122866,0.978736951587761,-0.8928954018234964,-0.5379496234942243,-0.9245270618678236,-0.6349046544852895,1.0,0.0,1.0,0.0,1423,512.8927,910.1072998046875,910.1072998046875
-0.47358878196228,0.2205057163670361,-0.5711640650780532,-0.1699848043214355,0.8931052195753741,0.9960377086066246,1.0816341037975656,1.5750396424651971,0.0,1.0,1.0,0.0,1654,743.9271,910.0728759765625,910.0728759765625
-0.47358878196228,-0.7740470452197257,0.2126697546978821,0.978736951587761,0.8931052195753741,-1.0492787341945071,-0.9245270618678236,-0.6349046544852895,0.0,1.0,1.0,0.0,1460,549.9331,910.06689453125,910.06689453125
-0.47358878196228,-1.4555685103193403,-1.9820649406747368,1.2084813027696002,-0.8928954018234964,0.4847085979063416,-0.9245270618678236,-0.6349046544852895,1.0,0.0,1.0,0.0,1008,98.02278,909.9772186279297,909.9772186279297
1.419992464497724,-0.6008030830684169,-0.1008637732124919,-0.7443456822760337,-0.2975618613572061,-0.5379496234942243,-0.9245270618678236,-0.6349046544852895,1.0,0.0,1.0,0.0,1538,628.0779,909.922119140625,909.922119140625
-0.47358878196228,-0.7464514983656216,0.6829700465634434,-1.663323087003391,-1.4882289422897863,0.4847085979063416,1.0816341037975656,-0.6349046544852895,0.0,1.0,1.0,0.0,1272,362.15063,909.849365234375,909.849365234375
-0.47358878196228,-0.2902262452282218,0.5262032826082563,-1.5484509114124714,0.297771679109084,0.9960377086066246,1.0816341037975656,1.5750396424651971,0.0,1.0,1.0,0.0,1555,645.207,909.7930297851562,909.7930297851562
1.419992464497724,-1.128339233695847,-0.257630537167679,0.6341204248150021,-1.4882289422897863,-0.0266205127939412,-0.9245270618678236,-0.6349046544852895,1.0,0.0,1.0,0.0,1268,358.46573,909.5342712402344,909.5342712402344
-0.47358878196228,-0.3712800497913099,-0.414397301122866,0.0597595468604037,1.4884387600416644,-0.0266205127939412,-0.9245270618678236,-0.6349046544852895,0.0,1.0,1.0,0.0,1722,812.68286,909.317138671875,909.317138671875
1.419992464497724,-0.6487503360706893,1.1532703384290046,-0.3997291555032748,0.297771679109084,-1.0492787341945071,-0.9245270618678236,-0.6349046544852895,1.0,0.0,1.0,0.0,1332,422.83722,909.1627807617188,909.1627807617188
-0.47358878196228,-0.2119825779535931,0.6829700465634434,-1.5484509114124714,1.4884387600416644,-0.0266205127939412,1.0816341037975656,-0.6349046544852895,0.0,1.0,1.0,0.0,1703,794.2154,908.7846069335938,908.7846069335938
1.419992464497724,0.1216325234363431,-0.5711640650780532,0.5192482492240824,-0.8928954018234964,0.9960377086066246,1.0816341037975656,1.5750396424651971,0.0,1.0,1.0,0.0,1567,658.4599,908.5401000976562,908.5401000976562
-0.47358878196228,-1.4263737152123843,-0.257630537167679,-0.5146013310941945,1.4884387600416644,0.9960377086066246,-0.9245270618678236,1.5750396424651971,1.0,0.0,1.0,0.0,1133,224.55812,908.4418792724609,908.4418792724609
-0.47358878196228,-0.2475889215442814,0.6829700465634434,0.1746317224513234,1.4884387600416644,0.4847085979063416,1.0816341037975656,-0.6349046544852895,0.0,1.0,1.0,0.0,1647,738.5617,908.4382934570312,908.4382934570312
-0.47358878196228,-0.4771253696326753,0.0559029907426951,-1.0889622090487927,-1.4882289422897863,-0.5379496234942243,-0.9245270618678236,-0.6349046544852895,0.0,1.0,1.0,0.0,1521,612.64014,908.35986328125,908.35986328125
-0.47358878196228,-0.2943926676488793,1.1532703384290046,-1.0889622090487927,0.297771679109084,-0.5379496234942243,-0.9245270618678236,-0.6349046544852895,0.0,1.0,1.0,0.0,1457,548.7199,908.2800903320312,908.2800903320312
-0.47358878196228,-0.5116289385395102,0.2126697546978821,0.978736951587761,-0.8928954018234964,-0.5379496234942243,-0.9245270618678236,-0.6349046544852895,0.0,1.0,1.0,0.0,1582,673.7766,908.223388671875,908.223388671875
-0.47358878196228,0.1404037219259364,1.4668038663393788,-0.2848569799123551,0.297771679109084,-0.5379496234942243,-0.9245270618678236,-0.6349046544852895,0.0,1.0,1.0,0.0,1536,627.91425,908.0857543945312,908.0857543945312
-0.47358878196228,-0.9404592433899877,-0.257630537167679,-0.1699848043214355,0.297771679109084,-0.0266205127939412,-0.9245270618678236,-0.6349046544852895,1.0,0.0,1.0,0.0,1359,451.08426,907.9157409667969,907.9157409667969
-0.47358878196228,-0.3428780916581102,-0.7279308290332401,0.2895038980422431,-0.8928954018234964,-0.0266205127939412,1.0816341037975656,-0.6349046544852895,1.0,0.0,1.0,0.0,1645,737.2312,907.768798828125,907.768798828125
-0.47358878196228,0.5200228792243893,0.9965035744738177,-1.2038343846397124,-0.2975618613572061,0.9960377086066246,1.0816341037975656,1.5750396424651971,0.0,1.0,1.0,0.0,1766,858.2405,907.759521484375,907.759521484375
-0.47358878196228,0.0720816026498097,0.3694365186530692,-0.974090033457873,-1.4882289422897863,-0.0266205127939412,1.0816341037975656,-0.6349046544852895,0.0,1.0,1.0,0.0,1701,794.03357,906.9664306640625,906.9664306640625
1.419992464497724,-0.848157130016867,-0.5711640650780532,0.2895038980422431,-0.2975618613572061,0.4847085979063416,1.0816341037975656,-0.6349046544852895,0.0,1.0,1.0,0.0,1352,445.86298,906.1370239257812,906.1370239257812
-0.47358878196228,-1.415920672026025,0.0559029907426951,0.5192482492240824,-0.8928954018234964,0.9960377086066246,-0.9245270618678236,1.5750396424651971,1.0,0.0,1.0,0.0,1136,229.98839,906.0116119384766,906.0116119384766
-0.47358878196228,0.8417353373602879,-1.1982311208988017,-1.318706560230632,-0.8928954018234964,-0.0266205127939412,-0.9245270618678236,-0.6349046544852895,1.0,0.0,1.0,0.0,1579,674.0418,904.9581909179688,904.9581909179688
-0.47358878196228,-1.1917760548821952,-0.5711640650780532,-1.4335787358215517,1.4884387600416644,0.4847085979063416,1.0816341037975656,-0.6349046544852895,1.0,0.0,1.0,0.0,1224,319.07178,904.92822265625,904.92822265625
-0.47358878196228,-0.2176601741037261,-0.1008637732124919,-0.8592178578669534,-0.2975618613572061,-1.0492787341945071,-0.9245270618678236,-0.6349046544852895,1.0,0.0,1.0,0.0,1676,771.55945,904.4405517578125,904.4405517578125
3.313573710957728,-0.8688984794848377,-0.414397301122866,-1.5484509114124714,0.297771679109084,0.9960377086066246,-0.9245270618678236,1.5750396424651971,1.0,0.0,1.0,0.0,1286,381.7918,904.2081909179688,904.2081909179688
-0.47358878196228,-0.6006457749791524,-1.6685314127643625,-0.6294735066851141,-0.2975618613572061,-0.0266205127939412,-0.9245270618678236,-0.6349046544852895,0.0,1.0,1.0,0.0,1218,313.91522,904.0847778320312,904.0847778320312
-0.47358878196228,-0.3320660892715805,0.6829700465634434,1.2084813027696002,0.8931052195753741,-0.0266205127939412,1.0816341037975656,-0.6349046544852895,1.0,0.0,1.0,0.0,1614,710.04895,903.9510498046875,903.9510498046875
-0.47358878196228,-0.5358631410262253,0.2126697546978821,0.4043760736331627,0.8931052195753741,-0.0266205127939412,-0.9245270618678236,-0.6349046544852895,1.0,0.0,1.0,0.0,1612,708.124,903.8759765625,903.8759765625
-0.47358878196228,-0.797443582429378,-0.257630537167679,-0.974090033457873,0.297771679109084,-0.0266205127939412,-0.9245270618678236,-0.6349046544852895,0.0,1.0,1.0,0.0,1444,540.72974,903.270263671875,903.270263671875
-0.47358878196228,-0.5716295852056372,-0.1008637732124919,0.7489926004059216,-0.2975618613572061,-1.0492787341945071,-0.9245270618678236,-0.6349046544852895,1.0,0.0,1.0,0.0,1509,605.83307,903.1669311523438,903.1669311523438
-0.47358878196228,-1.2622216985879815,-0.7279308290332401,-1.318706560230632,-0.2975618613572061,0.4847085979063416,1.0816341037975656,-0.6349046544852895,1.0,0.0,1.0,0.0,1156,252.87349,903.1265106201172,903.1265106201172
1.419992464497724,-0.5635482930304705,-0.5711640650780532,-0.974090033457873,1.4884387600416644,-1.0492787341945071,1.0816341037975656,-0.6349046544852895,0.0,1.0,1.0,0.0,1606,703.256,902.7440185546875,902.7440185546875
1.419992464497724,-0.8627702757857149,-0.414397301122866,-0.5146013310941945,0.8931052195753741,-0.5379496234942243,-0.9245270618678236,-0.6349046544852895,0.0,1.0,1.0,0.0,1430,527.36444,902.6355590820312,902.6355590820312
-0.47358878196228,-0.1517546065196205,-0.1008637732124919,1.7828421807241983,-0.2975618613572061,-0.0266205127939412,-0.9245270618678236,-0.6349046544852895,0.0,1.0,1.0,0.0,1726,823.39594,902.6040649414062,902.6040649414062
-0.47358878196228,1.5094010502094013,-2.138831704629924,1.4382256539514395,1.4884387600416644,-1.0492787341945071,-0.9245270618678236,-0.6349046544852895,0.0,1.0,1.0,0.0,1764,861.8658,902.1342163085938,902.1342163085938
-0.47358878196228,0.3576127266828311,1.4668038663393788,-0.1699848043214355,-1.4882289422897863,-0.0266205127939412,-0.9245270618678236,-0.6349046544852895,0.0,1.0,1.0,0.0,1575,673.5893,901.4107055664062,901.4107055664062
-0.47358878196228,-0.8398547935446506,0.6829700465634434,0.0597595468604037,1.4884387600416644,-0.0266205127939412,1.0816341037975656,-0.6349046544852895,1.0,0.0,1.0,0.0,1356,454.83313,901.1668701171875,901.1668701171875
-0.47358878196228,-0.9809144093611376,0.2126697546978821,1.5530978295423592,-1.4882289422897863,0.4847085979063416,-0.9245270618678236,-0.6349046544852895,1.0,0.0,1.0,0.0,1272,370.9084,901.0916137695312,901.0916137695312
-0.47358878196228,-0.3106957528532889,-1.5117646488091756,1.2084813027696002,-0.2975618613572061,0.9960377086066246,-0.9245270618678236,1.5750396424651971,0.0,1.0,1.0,0.0,1308,407.0959,900.9041137695312,900.9041137695312
-0.47358878196228,-0.2141745421519699,0.8397368105186305,-0.8592178578669534,0.297771679109084,0.4847085979063416,1.0816341037975656,-0.6349046544852895,1.0,0.0,1.0,0.0,1583,682.11536,900.8846435546875,900.8846435546875
-0.47358878196228,-0.2558825845043031,-0.1008637732124919,0.4043760736331627,-1.4882289422897863,-1.0492787341945071,-0.9245270618678236,-0.6349046544852895,1.0,0.0,1.0,0.0,1639,738.4852,900.5147705078125,900.5147705078125
1.419992464497724,-0.438842571189722,1.4668038663393788,-0.8592178578669534,0.297771679109084,0.4847085979063416,-0.9245270618678236,-0.6349046544852895,0.0,1.0,1.0,0.0,1435,534.5796,900.42041015625,900.42041015625
-0.47358878196228,-0.8657468268469724,0.5262032826082563,0.5192482492240824,-0.2975618613572061,1.5073668193069074,1.0816341037975656,1.5750396424651971,1.0,0.0,1.0,0.0,1240,339.74655,900.2534484863281,900.2534484863281
-0.47358878196228,-1.2381988007938434,-0.257630537167679,0.5192482492240824,0.8931052195753741,0.4847085979063416,-0.9245270618678236,-0.6349046544852895,0.0,1.0,1.0,0.0,1211,310.74896,900.2510375976562,900.2510375976562
-0.47358878196228,-0.6567702494580744,-0.414397301122866,-0.2848569799123551,-0.8928954018234964,0.9960377086066246,-0.9245270618678236,1.5750396424651971,0.0,1.0,1.0,0.0,1328,428.18768,899.8123168945312,899.8123168945312
-0.47358878196228,-0.3291642595878268,-0.1008637732124919,0.2895038980422431,-0.2975618613572061,0.4847085979063416,-0.9245270618678236,-0.6349046544852895,1.0,0.0,1.0,0.0,1606,706.1937,899.8062744140625,899.8062744140625
-0.47358878196228,-0.448293548214693,0.0559029907426951,1.32335347836052,-1.4882289422897863,-0.5379496234942243,-0.9245270618678236,-0.6349046544852895,1.0,0.0,1.0,0.0,1668,768.1965,899.8035278320312,899.8035278320312
-0.47358878196228,-0.2962663656972513,-0.257630537167679,0.4043760736331627,0.297771679109084,-1.0492787341945071,-0.9245270618678236,-0.6349046544852895,1.0,0.0,1.0,0.0,1740,840.77344,899.2265625,899.2265625
-0.47358878196228,-0.5123726380348623,0.9965035744738177,-0.2848569799123551,-0.8928954018234964,0.9960377086066246,1.0816341037975656,1.5750396424651971,1.0,0.0,1.0,0.0,1438,539.2763,898.7236938476562,898.7236938476562
-0.47358878196228,-0.8013320489308999,-0.8846975929884272,-1.4335787358215517,-0.2975618613572061,-0.0266205127939412,1.0816341037975656,-0.6349046544852895,0.0,1.0,1.0,0.0,1349,450.28384,898.7161560058594,898.7161560058594
-0.47358878196228,0.0733532140951829,-1.9820649406747368,0.0597595468604037,-1.4882289422897863,0.9960377086066246,-0.9245270618678236,1.5750396424651971,0.0,1.0,1.0,0.0,1492,593.3415,898.6585083007812,898.6585083007812
1.419992464497724,-1.0318626684044132,-0.414397301122866,-1.4335787358215517,0.8931052195753741,-1.0492787341945071,-0.9245270618678236,-0.6349046544852895,0.0,1.0,1.0,0.0,1307,408.5117,898.4883117675781,898.4883117675781
1.419992464497724,-0.5248390800571523,-0.257630537167679,1.0936091271786803,-0.8928954018234964,-0.0266205127939412,-0.9245270618678236,-0.6349046544852895,0.0,1.0,1.0,0.0,1564,665.6211,898.37890625,898.37890625
-0.47358878196228,0.0640337191975528,-0.1008637732124919,-0.6294735066851141,0.297771679109084,1.5073668193069074,-0.9245270618678236,1.5750396424651971,1.0,0.0,1.0,0.0,1617,719.10126,897.8987426757812,897.8987426757812
-0.47358878196228,-0.070425843147638,-0.1008637732124919,0.2895038980422431,1.4884387600416644,0.9960377086066246,-0.9245270618678236,1.5750396424651971,1.0,0.0,1.0,0.0,1610,712.1758,897.82421875,897.82421875
-0.47358878196228,0.9153242725222728,1.3100371023841917,1.5530978295423592,-0.8928954018234964,-1.56060784489479,-0.9245270618678236,-0.6349046544852895,1.0,0.0,1.0,0.0,1676,779.3596,896.640380859375,896.640380859375
-0.47358878196228,-1.2678750683829023,0.5262032826082563,-1.5484509114124714,1.4884387600416644,-0.0266205127939412,1.0816341037975656,-0.6349046544852895,0.0,1.0,1.0,0.0,1179,282.66983,896.3301696777344,896.3301696777344
-0.47358878196228,-0.6853307955491518,-0.414397301122866,0.8638647759968413,0.8931052195753741,-1.56060784489479,-0.9245270618678236,-0.6349046544852895,0.0,1.0,1.0,0.0,1454,557.95074,896.0492553710938,896.0492553710938
-0.47358878196228,-0.4744579336628329,-0.5711640650780532,1.2084813027696002,-0.8928954018234964,0.4847085979063416,1.0816341037975656,-0.6349046544852895,1.0,0.0,1.0,0.0,1550,654.24194,895.758056640625,895.758056640625
-0.47358878196228,-1.03269403925395,1.1532703384290046,-1.4335787358215517,-0.2975618613572061,-0.0266205127939412,-0.9245270618678236,-0.6349046544852895,1.0,0.0,1.0,0.0,1148,252.75533,895.2446746826172,895.2446746826172
1.419992464497724,-0.4468194505408726,-1.5117646488091756,0.5192482492240824,-0.2975618613572061,1.5073668193069074,-0.9245270618678236,1.5750396424651971,0.0,1.0,1.0,0.0,1274,378.8382,895.1618041992188,895.1618041992188
3.313573710957728,-0.7147452416542522,-0.8846975929884272,-0.6294735066851141,0.8931052195753741,-1.0492787341945071,1.0816341037975656,-0.6349046544852895,1.0,0.0,1.0,0.0,1433,537.8427,895.1572875976562,895.1572875976562
-0.47358878196228,-1.184730989691519,0.6829700465634434,-0.1699848043214355,0.297771679109084,-0.0266205127939412,1.0816341037975656,-0.6349046544852895,1.0,0.0,1.0,0.0,1150,255.04462,894.9553833007812,894.9553833007812
-0.47358878196228,-0.8232590650096773,0.5262032826082563,-1.663323087003391,-1.4882289422897863,0.4847085979063416,1.0816341037975656,-0.6349046544852895,0.0,1.0,1.0,0.0,1188,293.3969,894.6030883789062,894.6030883789062
-0.47358878196228,0.3783611826678917,-1.6685314127643625,1.32335347836052,-0.8928954018234964,0.9960377086066246,-0.9245270618678236,1.5750396424651971,1.0,0.0,1.0,0.0,1504,609.67035,894.3296508789062,894.3296508789062
-0.47358878196228,0.6771931522393724,-1.8252981767195493,1.2084813027696002,1.4884387600416644,1.5073668193069074,-0.9245270618678236,1.5750396424651971,1.0,0.0,1.0,0.0,1612,718.25116,893.7488403320312,893.7488403320312
-0.47358878196228,-0.6328800714946293,-0.414397301122866,1.2084813027696002,-1.4882289422897863,-1.0492787341945071,-0.9245270618678236,-0.6349046544852895,1.0,0.0,1.0,0.0,1609,715.51636,893.483642578125,893.483642578125
-0.47358878196228,-1.0223517161661038,-0.1008637732124919,1.32335347836052,-1.4882289422897863,-0.5379496234942243,-0.9245270618678236,-0.6349046544852895,0.0,1.0,1.0,0.0,1315,421.8812,893.1188049316406,893.1188049316406
-0.47358878196228,-0.5712248948047529,0.6829700465634434,-0.3997291555032748,0.8931052195753741,-0.0266205127939412,1.0816341037975656,-0.6349046544852895,0.0,1.0,1.0,0.0,1506,612.9242,893.0758056640625,893.0758056640625
1.419992464497724,-0.61055725691742,0.5262032826082563,0.8638647759968413,0.297771679109084,0.9960377086066246,1.0816341037975656,1.5750396424651971,0.0,1.0,1.0,0.0,1411,518.1247,892.8753051757812,892.8753051757812
-0.47358878196228,-0.6721917337909782,1.4668038663393788,1.32335347836052,0.297771679109084,-0.5379496234942243,-0.9245270618678236,-0.6349046544852895,0.0,1.0,1.0,0.0,1264,371.14557,892.8544311523438,892.8544311523438
-0.47358878196228,-0.922591083095201,0.6829700465634434,0.7489926004059216,1.4884387600416644,-0.5379496234942243,1.0816341037975656,-0.6349046544852895,0.0,1.0,1.0,0.0,1288,395.38242,892.6175842285156,892.6175842285156
1.419992464497724,-0.0149542707331931,-0.1008637732124919,-1.318706560230632,0.297771679109084,-1.56060784489479,-0.9245270618678236,-0.6349046544852895,0.0,1.0,1.0,0.0,1724,831.3981,892.6019287109375,892.6019287109375
-0.47358878196228,2.6509478639689736,-0.257630537167679,-0.1699848043214355,0.297771679109084,-0.0266205127939412,-0.9245270618678236,-0.6349046544852895,1.0,0.0,1.0,0.0,483,1375.3792,-892.379150390625,892.379150390625
1.419992464497724,-0.4551500710239934,-0.5711640650780532,-1.663323087003391,0.297771679109084,0.4847085979063416,1.0816341037975656,-0.6349046544852895,1.0,0.0,1.0,0.0,1615,722.78076,892.21923828125,892.21923828125
-0.47358878196228,-0.2227592377687566,-0.1008637732124919,0.8638647759968413,-0.8928954018234964,-1.0492787341945071,-0.9245270618678236,-0.6349046544852895,1.0,0.0,1.0,0.0,1695,803.18225,891.8177490234375,891.8177490234375
-0.47358878196228,0.0141745115880781,-0.257630537167679,-1.318706560230632,1.4884387600416644,0.9960377086066246,-0.9245270618678236,1.5750396424651971,0.0,1.0,1.0,0.0,1655,763.83276,891.167236328125,891.167236328125
-0.47358878196228,-0.0076077241989772,0.2126697546978821,0.8638647759968413,-0.2975618613572061,-0.5379496234942243,-0.9245270618678236,-0.6349046544852895,1.0,0.0,1.0,0.0,1763,871.8751,891.1248779296875,891.1248779296875
-0.47358878196228,-0.0935487930210976,0.3694365186530692,0.6341204248150021,1.4884387600416644,-1.0492787341945071,1.0816341037975656,-0.6349046544852895,0.0,1.0,1.0,0.0,1725,834.1361,890.8638916015625,890.8638916015625
-0.47358878196228,-0.4214820780486547,0.0559029907426951,-0.974090033457873,0.297771679109084,-0.0266205127939412,-0.9245270618678236,-0.6349046544852895,1.0,0.0,1.0,0.0,1623,732.44617,890.5538330078125,890.5538330078125
-0.47358878196228,-0.1395273987782218,-0.5711640650780532,1.32335347836052,1.4884387600416644,-1.56060784489479,1.0816341037975656,-0.6349046544852895,0.0,1.0,1.0,0.0,1676,786.00653,889.9934692382812,889.9934692382812
-0.47358878196228,0.2652181453581349,1.3100371023841917,0.8638647759968413,-0.8928954018234964,-1.0492787341945071,-0.9245270618678236,-0.6349046544852895,1.0,0.0,1.0,0.0,1582,692.37427,889.625732421875,889.625732421875
-0.47358878196228,0.0347522758876619,1.4668038663393788,-1.318706560230632,0.297771679109084,-1.56060784489479,-0.9245270618678236,-0.6349046544852895,1.0,0.0,1.0,0.0,1423,533.39856,889.6014404296875,889.6014404296875
-0.47358878196228,-0.6300698571087043,0.3694365186530692,-0.5146013310941945,0.297771679109084,-1.56060784489479,1.0816341037975656,-0.6349046544852895,0.0,1.0,1.0,0.0,1386,497.04092,888.9590759277344,888.9590759277344
-0.47358878196228,-0.5850080334666407,-1.0414643569436144,-1.318706560230632,-0.2975618613572061,0.4847085979063416,1.0816341037975656,-0.6349046544852895,0.0,1.0,1.0,0.0,1316,427.07776,888.9222412109375,888.9222412109375
-0.47358878196228,-0.1349342035778234,-0.5711640650780532,-0.3997291555032748,-1.4882289422897863,-1.0492787341945071,1.0816341037975656,-0.6349046544852895,1.0,0.0,1.0,0.0,1686,797.20044,888.799560546875,888.799560546875
-0.47358878196228,-0.2991426979387644,-0.257630537167679,1.0936091271786803,-1.4882289422897863,-1.56060784489479,-0.9245270618678236,-0.6349046544852895,0.0,1.0,1.0,0.0,1746,857.3327,888.6672973632812,888.6672973632812
-0.47358878196228,-0.6989924956287064,0.0559029907426951,-0.1699848043214355,0.297771679109084,-0.0266205127939412,-0.9245270618678236,-0.6349046544852895,0.0,1.0,1.0,0.0,1484,595.39294,888.6070556640625,888.6070556640625
1.419992464497724,-0.2942784095216277,-1.8252981767195493,-0.3997291555032748,-0.2975618613572061,0.9960377086066246,-0.9245270618678236,1.5750396424651971,0.0,1.0,1.0,0.0,1376,487.778,888.2219848632812,888.2219848632812
-0.47358878196228,0.2821401099513567,0.2126697546978821,1.6679700051332789,0.297771679109084,0.9960377086066246,-0.9245270618678236,1.5750396424651971,1.0,0.0,1.0,0.0,1701,812.78253,888.2174682617188,888.2174682617188
3.313573710957728,-1.4575809930450352,0.6829700465634434,-0.5146013310941945,-1.4882289422897863,-1.56060784489479,1.0816341037975656,-0.6349046544852895,0.0,1.0,1.0,0.0,1162,273.85266,888.1473388671875,888.1473388671875
-0.47358878196228,-0.5243795191273246,-0.8846975929884272,1.0936091271786803,-1.4882289422897863,-1.56060784489479,1.0816341037975656,-0.6349046544852895,0.0,1.0,1.0,0.0,1585,697.4277,887.5723266601562,887.5723266601562
-0.47358878196228,-0.447987685454042,0.8397368105186305,0.8638647759968413,-0.8928954018234964,-1.0492787341945071,1.0816341037975656,-0.6349046544852895,1.0,0.0,1.0,0.0,1439,551.65125,887.3487548828125,887.3487548828125
-0.47358878196228,0.1388581958623251,-0.1008637732124919,-1.2038343846397124,1.4884387600416644,1.5073668193069074,-0.9245270618678236,1.5750396424651971,1.0,0.0,1.0,0.0,1674,787.41785,886.5821533203125,886.5821533203125
-0.47358878196228,-0.9035842052946568,-0.1008637732124919,-0.7443456822760337,0.297771679109084,0.9960377086066246,-0.9245270618678236,1.5750396424651971,1.0,0.0,1.0,0.0,1234,347.42764,886.5723571777344,886.5723571777344
-0.47358878196228,-0.8560371826712908,-1.8252981767195493,-0.7443456822760337,-1.4882289422897863,0.9960377086066246,-0.9245270618678236,1.5750396424651971,0.0,1.0,1.0,0.0,1189,302.49326,886.5067443847656,886.5067443847656
-0.47358878196228,0.5679770893892017,-1.0414643569436144,-1.4335787358215517,-0.2975618613572061,-0.0266205127939412,1.0816341037975656,-0.6349046544852895,0.0,1.0,1.0,0.0,1728,841.51086,886.4891357421875,886.4891357421875
1.419992464497724,-1.4355618188952763,0.5262032826082563,1.2084813027696002,-1.4882289422897863,-1.0492787341945071,1.0816341037975656,-0.6349046544852895,1.0,0.0,1.0,0.0,1383,497.05655,885.9434509277344,885.9434509277344
3.313573710957728,-0.6727496549139835,0.8397368105186305,1.0936091271786803,1.4884387600416644,0.9960377086066246,1.0816341037975656,1.5750396424651971,0.0,1.0,1.0,0.0,1389,503.1959,885.8041076660156,885.8041076660156
-0.47358878196228,-0.7326490811925346,0.3694365186530692,0.5192482492240824,1.4884387600416644,-1.56060784489479,1.0816341037975656,-0.6349046544852895,0.0,1.0,1.0,0.0,1341,455.44485,885.5551452636719,885.5551452636719
-0.47358878196228,-1.006342363700853,0.2126697546978821,-0.8592178578669534,1.4884387600416644,-0.5379496234942243,-0.9245270618678236,-0.6349046544852895,1.0,0.0,1.0,0.0,1324,438.68042,885.319580078125,885.319580078125
-0.47358878196228,0.2136329299806801,0.8397368105186305,-0.1699848043214355,0.8931052195753741,0.9960377086066246,1.0816341037975656,1.5750396424651971,1.0,0.0,1.0,0.0,1741,855.87524,885.124755859375,885.124755859375
-0.47358878196228,-0.320884106074515,-0.414397301122866,0.1746317224513234,-0.2975618613572061,-0.0266205127939412,-0.9245270618678236,-0.6349046544852895,1.0,0.0,1.0,0.0,1656,770.91095,885.0890502929688,885.0890502929688
1.419992464497724,-0.0875269143151185,-0.8846975929884272,1.4382256539514395,-1.4882289422897863,-0.0266205127939412,1.0816341037975656,-0.6349046544852895,0.0,1.0,1.0,0.0,1731,846.42523,884.5747680664062,884.5747680664062
-0.47358878196228,-0.9818755263558006,0.3694365186530692,-0.5146013310941945,-0.2975618613572061,0.4847085979063416,1.0816341037975656,-0.6349046544852895,1.0,0.0,1.0,0.0,1217,332.42786,884.5721435546875,884.5721435546875
-0.47358878196228,-0.7890644651622432,-0.414397301122866,-1.0889622090487927,1.4884387600416644,-1.56060784489479,-0.9245270618678236,-0.6349046544852895,0.0,1.0,1.0,0.0,1401,516.86566,884.1343383789062,884.1343383789062
-0.47358878196228,-0.7310703322512884,-0.414397301122866,-0.974090033457873,-1.4882289422897863,-0.0266205127939412,-0.9245270618678236,-0.6349046544852895,0.0,1.0,1.0,0.0,1395,510.9,884.1000061035156,884.1000061035156
-0.47358878196228,-0.9017158892705738,-0.7279308290332401,-0.5146013310941945,-1.4882289422897863,-1.56060784489479,1.0816341037975656,-0.6349046544852895,1.0,0.0,1.0,0.0,1260,376.17908,883.8209228515625,883.8209228515625
1.419992464497724,-0.0901792229663809,0.0559029907426951,1.32335347836052,0.8931052195753741,0.4847085979063416,-0.9245270618678236,-0.6349046544852895,0.0,1.0,1.0,0.0,1712,828.9535,883.0465087890625,883.0465087890625
-0.47358878196228,1.8946026679053556,-1.5117646488091756,0.5192482492240824,-0.2975618613572061,1.5073668193069074,-0.9245270618678236,1.5750396424651971,0.0,1.0,1.0,0.0,1748,864.99,883.010009765625,883.010009765625
3.313573710957728,-1.0135856586999703,-0.5711640650780532,-0.5146013310941945,1.4884387600416644,0.9960377086066246,1.0816341037975656,1.5750396424651971,1.0,0.0,1.0,0.0,1169,286.1885,882.8114929199219,882.8114929199219
-0.47358878196228,-0.4993229880435684,0.8397368105186305,-0.1699848043214355,1.4884387600416644,-1.0492787341945071,1.0816341037975656,-0.6349046544852895,1.0,0.0,1.0,0.0,1420,537.2141,882.785888671875,882.785888671875
-0.47358878196228,-0.6566332090176084,-0.414397301122866,-0.6294735066851141,0.8931052195753741,-1.0492787341945071,-0.9245270618678236,-0.6349046544852895,0.0,1.0,1.0,0.0,1528,645.24194,882.758056640625,882.758056640625
-0.47358878196228,-0.908831021326089,0.0559029907426951,-0.7443456822760337,-0.2975618613572061,-0.5379496234942243,-0.9245270618678236,-0.6349046544852895,1.0,0.0,1.0,0.0,1289,406.58115,882.4188537597656,882.4188537597656
-0.47358878196228,-0.6826595937216274,-0.8846975929884272,-0.2848569799123551,1.4884387600416644,-1.56060784489479,1.0816341037975656,-0.6349046544852895,1.0,0.0,1.0,0.0,1358,475.92346,882.0765380859375,882.0765380859375
-0.47358878196228,-0.8677053580513897,0.8397368105186305,0.2895038980422431,1.4884387600416644,0.9960377086066246,1.0816341037975656,1.5750396424651971,0.0,1.0,1.0,0.0,1293,411.1486,881.8514099121094,881.8514099121094
3.313573710957728,-0.9514745191019124,0.6829700465634434,1.5530978295423592,0.8931052195753741,1.5073668193069074,1.0816341037975656,1.5750396424651971,0.0,1.0,1.0,0.0,1191,309.20245,881.7975463867188,881.7975463867188
-0.47358878196228,0.6476460492303712,-2.138831704629924,0.6341204248150021,0.8931052195753741,0.9960377086066246,-0.9245270618678236,1.5750396424651971,1.0,0.0,1.0,0.0,1736,854.28937,881.7106323242188,881.7106323242188
-0.47358878196228,0.4104051666500499,0.5262032826082563,1.6679700051332789,0.297771679109084,0.9960377086066246,1.0816341037975656,1.5750396424651971,1.0,0.0,1.0,0.0,1736,854.4077,881.59228515625,881.59228515625
-0.47358878196228,-0.3640032189109599,0.3694365186530692,0.2895038980422431,0.8931052195753741,-0.5379496234942243,1.0816341037975656,-0.6349046544852895,0.0,1.0,1.0,0.0,1649,767.57587,881.4241333007812,881.4241333007812
-0.47358878196228,-0.2769020689213493,0.8397368105186305,-0.1699848043214355,0.297771679109084,-0.0266205127939412,1.0816341037975656,-0.6349046544852895,0.0,1.0,1.0,0.0,1561,679.76324,881.2367553710938,881.2367553710938
-0.47358878196228,-0.3853303412361191,0.8397368105186305,-0.974090033457873,0.297771679109084,-0.0266205127939412,1.0816341037975656,-0.6349046544852895,1.0,0.0,1.0,0.0,1475,594.0896,880.910400390625,880.910400390625
-0.47358878196228,-1.3401612453753498,1.3100371023841917,-1.4335787358215517,0.297771679109084,1.5073668193069074,-0.9245270618678236,1.5750396424651971,1.0,0.0,1.0,0.0,1079,198.18074,880.8192596435547,880.8192596435547
-0.47358878196228,-1.2477861423812424,-0.5711640650780532,-0.1699848043214355,-1.4882289422897863,-0.0266205127939412,1.0816341037975656,-0.6349046544852895,0.0,1.0,1.0,0.0,1141,260.26657,880.7334289550781,880.7334289550781
-0.47358878196228,-1.0753110164735933,-0.257630537167679,-0.5146013310941945,-0.8928954018234964,-0.0266205127939412,-0.9245270618678236,-0.6349046544852895,1.0,0.0,1.0,0.0,1226,345.48407,880.5159301757812,880.5159301757812
-0.47358878196228,-0.4315866486134272,0.3694365186530692,-0.7443456822760337,1.4884387600416644,-0.0266205127939412,1.0816341037975656,-0.6349046544852895,1.0,0.0,1.0,0.0,1603,722.82153,880.178466796875,880.178466796875
-0.47358878196228,0.0774863722826706,0.0559029907426951,-1.663323087003391,-0.2975618613572061,-1.0492787341945071,-0.9245270618678236,-0.6349046544852895,1.0,0.0,1.0,0.0,1742,862.1524,879.8475952148438,879.8475952148438
-0.47358878196228,-0.1109199042655745,-0.1008637732124919,0.6341204248150021,-1.4882289422897863,-0.0266205127939412,-0.9245270618678236,-0.6349046544852895,1.0,0.0,1.0,0.0,1703,823.7019,879.298095703125,879.298095703125
-0.47358878196228,-0.5101917990300054,-0.257630537167679,1.0936091271786803,0.297771679109084,-1.56060784489479,-0.9245270618678236,-0.6349046544852895,1.0,0.0,1.0,0.0,1502,622.95465,879.0453491210938,879.0453491210938
-0.47358878196228,0.1805632971036584,-0.257630537167679,-0.1699848043214355,-0.8928954018234964,1.5073668193069074,-0.9245270618678236,1.5750396424651971,0.0,1.0,1.0,0.0,1589,710.3668,878.6331787109375,878.6331787109375
-0.47358878196228,-1.4237471371535149,-0.7279308290332401,-1.318706560230632,0.8931052195753741,-0.5379496234942243,1.0816341037975656,-0.6349046544852895,0.0,1.0,1.0,0.0,1251,372.61664,878.3833618164062,878.3833618164062
-0.47358878196228,-0.5582087305446601,-0.414397301122866,0.7489926004059216,1.4884387600416644,-0.5379496234942243,-0.9245270618678236,-0.6349046544852895,1.0,0.0,1.0,0.0,1570,691.81445,878.185546875,878.185546875
-0.47358878196228,-1.4167127583770105,-0.8846975929884272,-0.974090033457873,-1.4882289422897863,-0.0266205127939412,1.0816341037975656,-0.6349046544852895,1.0,0.0,1.0,0.0,1261,383.0194,877.9805908203125,877.9805908203125
1.419992464497724,-0.4652476035799134,-2.138831704629924,0.7489926004059216,-1.4882289422897863,0.4847085979063416,-0.9245270618678236,-0.6349046544852895,1.0,0.0,1.0,0.0,1331,453.74734,877.2526550292969,877.2526550292969
-0.47358878196228,-0.6035937306234386,-0.5711640650780532,0.0597595468604037,-0.2975618613572061,-0.5379496234942243,1.0816341037975656,-0.6349046544852895,0.0,1.0,1.0,0.0,1497,620.4801,876.5198974609375,876.5198974609375
3.313573710957728,0.072711292229618,0.0559029907426951,1.2084813027696002,1.4884387600416644,1.5073668193069074,-0.9245270618678236,1.5750396424651971,1.0,0.0,1.0,0.0,1649,772.48364,876.516357421875,876.516357421875
-0.47358878196228,-0.1912011954298874,1.4668038663393788,-1.663323087003391,0.297771679109084,0.4847085979063416,-0.9245270618678236,-0.6349046544852895,0.0,1.0,1.0,0.0,1529,652.5021,876.4979248046875,876.4979248046875
-0.47358878196228,-0.6503640760327188,-0.414397301122866,-0.8592178578669534,0.297771679109084,0.4847085979063416,-0.9245270618678236,-0.6349046544852895,0.0,1.0,1.0,0.0,1466,589.63116,876.3688354492188,876.3688354492188
-0.47358878196228,-0.3309813467303185,-0.8846975929884272,1.4382256539514395,1.4884387600416644,-1.0492787341945071,1.0816341037975656,-0.6349046544852895,0.0,1.0,1.0,0.0,1571,694.7659,876.2340698242188,876.2340698242188
-0.47358878196228,0.1151929662779994,0.6829700465634434,-1.2038343846397124,-1.4882289422897863,-1.0492787341945071,1.0816341037975656,-0.6349046544852895,0.0,1.0,1.0,0.0,1652,775.79474,876.2052612304688,876.2052612304688
1.419992464497724,-1.329888480607433,0.3694365186530692,1.6679700051332789,0.8931052195753741,-1.56060784489479,1.0816341037975656,-0.6349046544852895,0.0,1.0,1.0,0.0,1034,157.89278,876.1072235107422,876.1072235107422
-0.47358878196228,-0.5295369496957736,-0.5711640650780532,1.32335347836052,1.4884387600416644,-1.56060784489479,1.0816341037975656,-0.6349046544852895,1.0,0.0,1.0,0.0,1493,617.0487,875.9512939453125,875.9512939453125
-0.47358878196228,-0.8154461363989077,0.9965035744738177,-1.0889622090487927,0.8931052195753741,0.4847085979063416,1.0816341037975656,-0.6349046544852895,0.0,1.0,1.0,0.0,1277,401.25223,875.7477722167969,875.7477722167969
-0.47358878196228,-0.1465411947732035,0.2126697546978821,1.0936091271786803,1.4884387600416644,0.9960377086066246,-0.9245270618678236,1.5750396424651971,0.0,1.0,1.0,0.0,1560,684.4246,875.5753784179688,875.5753784179688
-0.47358878196228,0.0281129663010291,0.3694365186530692,1.6679700051332789,0.297771679109084,0.9960377086066246,1.0816341037975656,1.5750396424651971,1.0,0.0,1.0,0.0,1608,732.7946,875.2053833007812,875.2053833007812
-0.47358878196228,-0.2026173930857464,-0.414397301122866,0.0597595468604037,0.8931052195753741,-1.56060784489479,-0.9245270618678236,-0.6349046544852895,1.0,0.0,1.0,0.0,1677,801.9499,875.0501098632812,875.0501098632812
-0.47358878196228,-0.2602169474684087,0.3694365186530692,-1.0889622090487927,1.4884387600416644,-1.56060784489479,1.0816341037975656,-0.6349046544852895,1.0,0.0,1.0,0.0,1589,713.9555,875.0444946289062,875.0444946289062
-0.47358878196228,-0.6437926673384902,-0.414397301122866,-0.3997291555032748,0.297771679109084,-1.0492787341945071,-0.9245270618678236,-0.6349046544852895,1.0,0.0,1.0,0.0,1511,635.9808,875.0192260742188,875.0192260742188
-0.47358878196228,-0.4498793601849696,-0.7279308290332401,-1.0889622090487927,1.4884387600416644,-1.56060784489479,1.0816341037975656,-0.6349046544852895,0.0,1.0,1.0,0.0,1566,691.1999,874.8001098632812,874.8001098632812
-0.47358878196228,-0.4310724503482296,-0.5711640650780532,-1.318706560230632,0.297771679109084,-1.56060784489479,1.0816341037975656,-0.6349046544852895,0.0,1.0,1.0,0.0,1572,697.56036,874.4396362304688,874.4396362304688
1.419992464497724,-0.660538443242771,0.0559029907426951,1.0936091271786803,-1.4882289422897863,-1.56060784489479,-0.9245270618678236,-0.6349046544852895,0.0,1.0,1.0,0.0,1495,620.86224,874.1377563476562,874.1377563476562
-0.47358878196228,-0.3910524411920024,0.8397368105186305,-0.974090033457873,0.297771679109084,-0.0266205127939412,1.0816341037975656,-0.6349046544852895,1.0,0.0,1.0,0.0,1468,593.987,874.0130004882812,874.0130004882812
-0.47358878196228,-1.0881016359781248,-0.1008637732124919,-0.0551126287305158,-1.4882289422897863,0.4847085979063416,-0.9245270618678236,-0.6349046544852895,0.0,1.0,1.0,0.0,1152,278.01202,873.9879760742188,873.9879760742188
1.419992464497724,0.2940111326342771,-0.257630537167679,-0.2848569799123551,0.8931052195753741,0.4847085979063416,-0.9245270618678236,-0.6349046544852895,0.0,1.0,1.0,0.0,170,1043.7766,-873.776611328125,873.776611328125
-0.47358878196228,-0.2494150135667731,-0.7279308290332401,1.6679700051332789,1.4884387600416644,-0.0266205127939412,1.0816341037975656,-0.6349046544852895,0.0,1.0,1.0,0.0,1670,796.2722,873.727783203125,873.727783203125
-0.47358878196228,-0.4621777302933659,-0.5711640650780532,0.6341204248150021,-1.4882289422897863,-0.0266205127939412,1.0816341037975656,-0.6349046544852895,0.0,1.0,1.0,0.0,1562,688.5382,873.4617919921875,873.4617919921875
-0.47358878196228,0.4117850300092024,0.9965035744738177,0.6341204248150021,0.8931052195753741,0.9960377086066246,1.0816341037975656,1.5750396424651971,1.0,0.0,1.0,0.0,1706,832.56433,873.4356689453125,873.4356689453125
1.419992464497724,1.4127691483842268,-1.6685314127643625,-1.318706560230632,-0.2975618613572061,0.4847085979063416,-0.9245270618678236,-0.6349046544852895,1.0,0.0,1.0,0.0,1707,833.8591,873.1409301757812,873.1409301757812
-0.47358878196228,-0.735770357137393,-0.1008637732124919,0.1746317224513234,0.8931052195753741,-1.0492787341945071,-0.9245270618678236,-0.6349046544852895,1.0,0.0,1.0,0.0,1462,588.92194,873.0780639648438,873.0780639648438
-0.47358878196228,-0.996186362337404,0.5262032826082563,-1.0889622090487927,1.4884387600416644,-1.56060784489479,1.0816341037975656,-0.6349046544852895,1.0,0.0,1.0,0.0,1208,334.94214,873.057861328125,873.057861328125
-0.47358878196228,-0.791443485733177,0.5262032826082563,-0.1699848043214355,0.8931052195753741,0.9960377086066246,1.0816341037975656,1.5750396424651971,0.0,1.0,1.0,0.0,1336,463.29132,872.7086791992188,872.7086791992188
-0.47358878196228,-1.214963293645631,0.8397368105186305,0.4043760736331627,-0.8928954018234964,0.4847085979063416,1.0816341037975656,-0.6349046544852895,1.0,0.0,1.0,0.0,1101,228.31972,872.6802825927734,872.6802825927734
-0.47358878196228,-0.7379504061690147,1.4668038663393788,1.4382256539514395,0.297771679109084,-0.0266205127939412,-0.9245270618678236,-0.6349046544852895,0.0,1.0,1.0,0.0,1233,360.44464,872.5553588867188,872.5553588867188
-0.47358878196228,-0.0989699265484359,0.3694365186530692,0.4043760736331627,-0.8928954018234964,0.4847085979063416,1.0816341037975656,-0.6349046544852895,1.0,0.0,1.0,0.0,1630,757.5592,872.4407958984375,872.4407958984375
-0.47358878196228,0.1241464938016423,0.6829700465634434,-0.2848569799123551,0.297771679109084,-0.5379496234942243,1.0816341037975656,-0.6349046544852895,1.0,0.0,1.0,0.0,1761,888.66693,872.3330688476562,872.3330688476562
-0.47358878196228,-0.973746349221296,-0.1008637732124919,-0.974090033457873,0.8931052195753741,0.9960377086066246,-0.9245270618678236,1.5750396424651971,1.0,0.0,1.0,0.0,1180,307.97162,872.0283813476562,872.0283813476562
-0.47358878196228,-1.221579834567046,-1.9820649406747368,0.2895038980422431,-0.2975618613572061,0.4847085979063416,-0.9245270618678236,-0.6349046544852895,0.0,1.0,1.0,0.0,1076,203.99023,872.009765625,872.009765625
3.313573710957728,-0.5471252270928272,-0.257630537167679,0.8638647759968413,-0.8928954018234964,-1.0492787341945071,-0.9245270618678236,-0.6349046544852895,0.0,1.0,1.0,0.0,1554,682.0656,871.9343872070312,871.9343872070312
-0.47358878196228,-0.9642323588864052,0.3694365186530692,0.978736951587761,0.8931052195753741,-1.0492787341945071,1.0816341037975656,-0.6349046544852895,1.0,0.0,1.0,0.0,1258,386.35138,871.6486206054688,871.6486206054688
-0.47358878196228,0.2231576448071914,1.4668038663393788,-0.5146013310941945,-0.2975618613572061,0.4847085979063416,-0.9245270618678236,-0.6349046544852895,1.0,0.0,1.0,0.0,1622,750.59485,871.4051513671875,871.4051513671875
-0.47358878196228,0.1616197351062811,-1.8252981767195493,0.6341204248150021,0.8931052195753741,0.9960377086066246,-0.9245270618678236,1.5750396424651971,0.0,1.0,1.0,0.0,1495,623.613,871.3870239257812,871.3870239257812
-0.47358878196228,-0.6500297728486099,-0.257630537167679,0.5192482492240824,0.8931052195753741,0.4847085979063416,-0.9245270618678236,-0.6349046544852895,1.0,0.0,1.0,0.0,1482,610.80347,871.196533203125,871.196533203125
-0.47358878196228,2.519264915700854,1.1532703384290046,1.6679700051332789,-1.4882289422897863,0.9960377086066246,-0.9245270618678236,1.5750396424651971,1.0,0.0,1.0,0.0,422,1293.1278,-871.1278076171875,871.1278076171875
1.419992464497724,0.1906695564978155,1.1532703384290046,0.0597595468604037,1.4884387600416644,-0.0266205127939412,-0.9245270618678236,-0.6349046544852895,0.0,1.0,1.0,0.0,1618,746.91656,871.0834350585938,871.0834350585938
-0.47358878196228,-0.3104432064136982,-0.8846975929884272,-0.7443456822760337,0.8931052195753741,-1.56060784489479,1.0816341037975656,-0.6349046544852895,0.0,1.0,1.0,0.0,1553,681.931,871.0689697265625,871.0689697265625
-0.47358878196228,-0.6445132831069058,-0.5711640650780532,0.978736951587761,-0.2975618613572061,-0.0266205127939412,1.0816341037975656,-0.6349046544852895,0.0,1.0,1.0,0.0,1463,591.98694,871.0130615234375,871.0130615234375
-0.47358878196228,-0.968620545187719,1.4668038663393788,-0.1699848043214355,-1.4882289422897863,-0.0266205127939412,-0.9245270618678236,-0.6349046544852895,0.0,1.0,1.0,0.0,1119,248.06493,870.9350738525391,870.9350738525391
1.419992464497724,-0.5818561334975219,0.6829700465634434,0.8638647759968413,0.297771679109084,0.9960377086066246,1.0816341037975656,1.5750396424651971,1.0,0.0,1.0,0.0,1429,558.276,870.7239990234375,870.7239990234375
-0.47358878196228,-0.6141725729518311,-0.5711640650780532,1.6679700051332789,-0.2975618613572061,-0.5379496234942243,1.0816341037975656,-0.6349046544852895,1.0,0.0,1.0,0.0,1462,591.4769,870.5230712890625,870.5230712890625
-0.47358878196228,-0.0941658914416982,-0.257630537167679,-0.0551126287305158,0.297771679109084,0.4847085979063416,-0.9245270618678236,-0.6349046544852895,1.0,0.0,1.0,0.0,1747,876.48145,870.5185546875,870.5185546875
-0.47358878196228,-0.2075185879949175,0.8397368105186305,-0.5146013310941945,0.297771679109084,-1.56060784489479,1.0816341037975656,-0.6349046544852895,0.0,1.0,1.0,0.0,1474,603.59247,870.4075317382812,870.4075317382812
1.419992464497724,-0.3214819901454754,0.2126697546978821,-0.6294735066851141,1.4884387600416644,0.4847085979063416,-0.9245270618678236,-0.6349046544852895,1.0,0.0,1.0,0.0,1657,786.62823,870.3717651367188,870.3717651367188
-0.47358878196228,-1.0015057157267873,0.0559029907426951,-1.4335787358215517,-0.8928954018234964,-0.5379496234942243,-0.9245270618678236,-0.6349046544852895,0.0,1.0,1.0,0.0,1242,371.85187,870.1481323242188,870.1481323242188
-0.47358878196228,-0.7094643307416726,0.0559029907426951,-1.318706560230632,0.297771679109084,-1.56060784489479,-0.9245270618678236,-0.6349046544852895,1.0,0.0,1.0,0.0,1371,501.23978,869.7602233886719,869.7602233886719
-0.47358878196228,0.3092994205292319,-0.257630537167679,1.5530978295423592,0.8931052195753741,1.5073668193069074,-0.9245270618678236,1.5750396424651971,1.0,0.0,1.0,0.0,1577,707.35297,869.6470336914062,869.6470336914062
1.419992464497724,-0.3758394283782674,-0.257630537167679,1.2084813027696002,-0.8928954018234964,0.4847085979063416,-0.9245270618678236,-0.6349046544852895,0.0,1.0,1.0,0.0,1574,704.389,869.6110229492188,869.6110229492188
3.313573710957728,0.5407795647868707,1.1532703384290046,-0.0551126287305158,-1.4882289422897863,0.4847085979063416,-0.9245270618678236,-0.6349046544852895,1.0,0.0,1.0,0.0,1740,870.51605,869.4839477539062,869.4839477539062
1.419992464497724,0.0172319099779908,0.2126697546978821,-0.2848569799123551,1.4884387600416644,-1.56060784489479,-0.9245270618678236,-0.6349046544852895,1.0,0.0,1.0,0.0,1735,865.7095,869.29052734375,869.29052734375
-0.47358878196228,-0.8368292127394853,-0.1008637732124919,-1.2038343846397124,1.4884387600416644,1.5073668193069074,-0.9245270618678236,1.5750396424651971,1.0,0.0,1.0,0.0,1283,413.92596,869.0740356445312,869.0740356445312
1.419992464497724,0.5770781906362474,1.3100371023841917,-0.7443456822760337,0.297771679109084,0.9960377086066246,-0.9245270618678236,1.5750396424651971,0.0,1.0,1.0,0.0,1753,884.14185,868.858154296875,868.858154296875
-0.47358878196228,-1.2252039965726331,0.8397368105186305,-0.5146013310941945,-1.4882289422897863,-1.56060784489479,1.0816341037975656,-0.6349046544852895,0.0,1.0,1.0,0.0,1070,201.2204,868.7796020507812,868.7796020507812
-0.47358878196228,-0.7729343034351067,0.0559029907426951,0.6341204248150021,1.4884387600416644,-1.0492787341945071,-0.9245270618678236,-0.6349046544852895,0.0,1.0,1.0,0.0,1408,539.3127,868.6873168945312,868.6873168945312
3.313573710957728,-1.3716455958680167,0.5262032826082563,-1.4335787358215517,1.4884387600416644,0.4847085979063416,1.0816341037975656,-0.6349046544852895,0.0,1.0,1.0,0.0,1221,353.38547,867.6145324707031,867.6145324707031
1.419992464497724,0.2766180921149255,-0.8846975929884272,-0.7443456822760337,0.297771679109084,0.9960377086066246,1.0816341037975656,1.5750396424651971,0.0,1.0,1.0,0.0,1532,664.44086,867.5591430664062,867.5591430664062
-0.47358878196228,-0.1306975715565045,-0.8846975929884272,0.6341204248150021,1.4884387600416644,-1.0492787341945071,1.0816341037975656,-0.6349046544852895,0.0,1.0,1.0,0.0,1676,808.49976,867.500244140625,867.500244140625
-0.47358878196228,-0.4659444064056674,-0.414397301122866,0.8638647759968413,0.8931052195753741,-1.56060784489479,-0.9245270618678236,-0.6349046544852895,0.0,1.0,1.0,0.0,1541,673.7313,867.2686767578125,867.2686767578125
1.419992464497724,-0.5913845787859288,0.9965035744738177,1.2084813027696002,1.4884387600416644,1.5073668193069074,1.0816341037975656,1.5750396424651971,1.0,0.0,1.0,0.0,1301,433.83368,867.1663208007812,867.1663208007812
-0.47358878196228,-0.670615072840312,-0.1008637732124919,1.0936091271786803,-1.4882289422897863,-1.56060784489479,-0.9245270618678236,-0.6349046544852895,0.0,1.0,1.0,0.0,1501,634.21655,866.783447265625,866.783447265625
-0.47358878196228,0.7074317764736475,-2.138831704629924,-1.0889622090487927,-0.2975618613572061,1.5073668193069074,-0.9245270618678236,1.5750396424651971,1.0,0.0,1.0,0.0,1675,808.3472,866.6527709960938,866.6527709960938
3.313573710957728,-1.059107644033172,-0.257630537167679,1.5530978295423592,0.297771679109084,0.4847085979063416,-0.9245270618678236,-0.6349046544852895,0.0,1.0,1.0,0.0,1203,336.42612,866.5738830566406,866.5738830566406
-0.47358878196228,-0.6501480001716787,-0.1008637732124919,0.5192482492240824,-1.4882289422897863,-0.5379496234942243,-0.9245270618678236,-0.6349046544852895,0.0,1.0,1.0,0.0,1435,568.4631,866.5369262695312,866.5369262695312
-0.47358878196228,-0.2237425145106246,-0.5711640650780532,0.6341204248150021,1.4884387600416644,-1.0492787341945071,1.0816341037975656,-0.6349046544852895,0.0,1.0,1.0,0.0,1713,846.7833,866.2166748046875,866.2166748046875
-0.47358878196228,-0.486953561440726,-0.7279308290332401,0.6341204248150021,1.4884387600416644,-1.0492787341945071,1.0816341037975656,-0.6349046544852895,1.0,0.0,1.0,0.0,1556,690.006,865.9940185546875,865.9940185546875
1.419992464497724,-0.3837909084173697,0.6829700465634434,-1.4335787358215517,0.8931052195753741,-1.0492787341945071,1.0816341037975656,-0.6349046544852895,0.0,1.0,1.0,0.0,1545,679.0435,865.9564819335938,865.9564819335938
-0.47358878196228,-0.3156346089768428,0.8397368105186305,-1.4335787358215517,-0.2975618613572061,-0.0266205127939412,1.0816341037975656,-0.6349046544852895,0.0,1.0,1.0,0.0,1486,620.0779,865.922119140625,865.922119140625
-0.47358878196228,-0.4147572066811305,-0.414397301122866,1.32335347836052,-1.4882289422897863,-0.5379496234942243,-0.9245270618678236,-0.6349046544852895,1.0,0.0,1.0,0.0,1677,811.27094,865.7290649414062,865.7290649414062
-0.47358878196228,2.7651842489466545,-0.257630537167679,1.32335347836052,1.4884387600416644,-1.56060784489479,-0.9245270618678236,-0.6349046544852895,0.0,1.0,1.0,0.0,421,1286.4845,-865.4844970703125,865.4844970703125
-0.47358878196228,-0.1197452126396504,0.8397368105186305,0.978736951587761,1.4884387600416644,0.4847085979063416,1.0816341037975656,-0.6349046544852895,1.0,0.0,1.0,0.0,1601,735.61176,865.3882446289062,865.3882446289062
-0.47358878196228,-0.5366181801542523,0.3694365186530692,-0.7443456822760337,0.297771679109084,0.9960377086066246,1.0816341037975656,1.5750396424651971,0.0,1.0,1.0,0.0,1417,551.7589,865.2410888671875,865.2410888671875
-0.47358878196228,0.0545467265947495,-2.138831704629924,1.32335347836052,1.4884387600416644,-1.56060784489479,-0.9245270618678236,-0.6349046544852895,1.0,0.0,1.0,0.0,1380,514.83264,865.1673583984375,865.1673583984375
1.419992464497724,-0.0931549735693558,0.0559029907426951,-0.1699848043214355,-0.8928954018234964,1.5073668193069074,-0.9245270618678236,1.5750396424651971,0.0,1.0,1.0,0.0,1539,674.06165,864.9383544921875,864.9383544921875
1.419992464497724,-0.1268411901119377,-0.5711640650780532,0.0597595468604037,-0.8928954018234964,-1.0492787341945071,1.0816341037975656,-0.6349046544852895,1.0,0.0,1.0,0.0,1733,868.14294,864.8570556640625,864.8570556640625
-0.47358878196228,-0.2190017281842996,0.6829700465634434,0.978736951587761,0.8931052195753741,-1.0492787341945071,1.0816341037975656,-0.6349046544852895,0.0,1.0,1.0,0.0,1625,760.4035,864.5964965820312,864.5964965820312
1.419992464497724,-1.421429422145307,0.0559029907426951,0.1746317224513234,-0.8928954018234964,-0.5379496234942243,-0.9245270618678236,-0.6349046544852895,0.0,1.0,1.0,0.0,1187,322.43405,864.5659484863281,864.5659484863281
-0.47358878196228,-0.1913919820583904,0.2126697546978821,-0.7443456822760337,0.297771679109084,0.9960377086066246,-0.9245270618678236,1.5750396424651971,0.0,1.0,1.0,0.0,1542,677.6366,864.3634033203125,864.3634033203125
1.419992464497724,0.2095742873621403,0.2126697546978821,0.6341204248150021,-0.8928954018234964,1.5073668193069074,-0.9245270618678236,1.5750396424651971,0.0,1.0,1.0,0.0,1607,743.068,863.9320068359375,863.9320068359375
-0.47358878196228,0.135949269390404,0.9965035744738177,-0.5146013310941945,0.8931052195753741,-0.5379496234942243,1.0816341037975656,-0.6349046544852895,0.0,1.0,1.0,0.0,1611,747.1641,863.8358764648438,863.8358764648438
1.419992464497724,-0.2774548191194543,0.8397368105186305,0.4043760736331627,0.8931052195753741,-0.0266205127939412,1.0816341037975656,-0.6349046544852895,1.0,0.0,0.0,1.0,1603,739.1946,863.805419921875,863.805419921875
-0.47358878196228,-0.2323085900787349,0.8397368105186305,0.978736951587761,1.4884387600416644,0.4847085979063416,1.0816341037975656,-0.6349046544852895,0.0,1.0,1.0,0.0,1553,689.2259,863.7741088867188,863.7741088867188
-0.47358878196228,0.082374329115793,0.5262032826082563,1.6679700051332789,0.297771679109084,0.9960377086066246,1.0816341037975656,1.5750396424651971,0.0,1.0,1.0,0.0,1628,764.25714,863.7428588867188,863.7428588867188
-0.47358878196228,-0.4418169984468678,0.9965035744738177,0.8638647759968413,0.297771679109084,0.9960377086066246,1.0816341037975656,1.5750396424651971,1.0,0.0,1.0,0.0,1420,556.3629,863.6370849609375,863.6370849609375
-0.47358878196228,-1.1384529959426488,0.6829700465634434,-0.7443456822760337,-0.8928954018234964,-1.0492787341945071,1.0816341037975656,-0.6349046544852895,0.0,1.0,1.0,0.0,1103,239.7446,863.2554016113281,863.2554016113281
1.419992464497724,-0.5450942596013729,1.1532703384290046,-1.5484509114124714,-0.2975618613572061,-0.5379496234942243,-0.9245270618678236,-0.6349046544852895,0.0,1.0,1.0,0.0,1300,436.93622,863.0637817382812,863.0637817382812
-0.47358878196228,0.2810429021343538,0.3694365186530692,0.1746317224513234,-1.4882289422897863,1.5073668193069074,1.0816341037975656,1.5750396424651971,1.0,0.0,1.0,0.0,1580,716.954,863.0460205078125,863.0460205078125
-0.47358878196228,-0.6186770508476489,0.6829700465634434,-0.974090033457873,1.4884387600416644,-1.0492787341945071,1.0816341037975656,-0.6349046544852895,1.0,0.0,1.0,0.0,1430,567.36414,862.6358642578125,862.6358642578125
-0.47358878196228,0.6323586790601199,-1.5117646488091756,-1.663323087003391,-1.4882289422897863,0.4847085979063416,-0.9245270618678236,-0.6349046544852895,0.0,1.0,1.0,0.0,1499,636.68567,862.3143310546875,862.3143310546875
-0.47358878196228,-0.2985196310805463,1.3100371023841917,0.8638647759968413,-0.8928954018234964,-1.0492787341945071,-0.9245270618678236,-0.6349046544852895,0.0,1.0,1.0,0.0,1402,539.75433,862.2456665039062,862.2456665039062
-0.47358878196228,-0.2968588630831428,0.8397368105186305,1.2084813027696002,-0.2975618613572061,0.9960377086066246,1.0816341037975656,1.5750396424651971,0.0,1.0,1.0,0.0,1501,638.7911,862.2089233398438,862.2089233398438
-0.47358878196228,-0.7215424026525994,-0.7279308290332401,-0.2848569799123551,0.8931052195753741,0.4847085979063416,1.0816341037975656,-0.6349046544852895,0.0,1.0,1.0,0.0,1416,554.06104,861.93896484375,861.93896484375
-0.47358878196228,0.2275601430170486,-0.8846975929884272,1.32335347836052,0.8931052195753741,0.4847085979063416,1.0816341037975656,-0.6349046544852895,1.0,0.0,1.0,0.0,1739,877.6002,861.3997802734375,861.3997802734375
-0.47358878196228,-0.415271368841426,-0.7279308290332401,1.2084813027696002,-1.4882289422897863,-1.0492787341945071,1.0816341037975656,-0.6349046544852895,1.0,0.0,1.0,0.0,1705,844.0582,860.9417724609375,860.9417724609375
-0.47358878196228,-0.2660344606409577,0.2126697546978821,0.7489926004059216,-0.2975618613572061,-1.0492787341945071,-0.9245270618678236,-0.6349046544852895,1.0,0.0,1.0,0.0,1606,745.1813,860.8187255859375,860.8187255859375
-0.47358878196228,-0.2106650965725957,0.9965035744738177,0.4043760736331627,-0.8928954018234964,0.4847085979063416,1.0816341037975656,-0.6349046544852895,0.0,1.0,1.0,0.0,1508,647.4895,860.510498046875,860.510498046875
-0.47358878196228,0.0806798644582035,0.5262032826082563,-0.974090033457873,-0.2975618613572061,-1.56060784489479,1.0816341037975656,-0.6349046544852895,1.0,0.0,1.0,0.0,1603,743.4076,859.5924072265625,859.5924072265625
-0.47358878196228,-0.0721571821311742,0.8397368105186305,-0.5146013310941945,1.4884387600416644,0.9960377086066246,1.0816341037975656,1.5750396424651971,1.0,0.0,1.0,0.0,1579,719.5546,859.4453735351562,859.4453735351562
-0.47358878196228,-1.3169419995522504,1.3100371023841917,-0.974090033457873,-0.8928954018234964,1.5073668193069074,-0.9245270618678236,1.5750396424651971,0.0,1.0,1.0,0.0,1064,204.55855,859.4414520263672,859.4414520263672
-0.47358878196228,-0.4778051905241651,0.5262032826082563,0.978736951587761,-0.2975618613572061,-0.0266205127939412,1.0816341037975656,-0.6349046544852895,0.0,1.0,1.0,0.0,1478,618.8987,859.101318359375,859.101318359375
-0.47358878196228,-0.0705866435130812,0.2126697546978821,-1.0889622090487927,-0.8928954018234964,0.9960377086066246,-0.9245270618678236,1.5750396424651971,1.0,0.0,1.0,0.0,1545,685.9493,859.0507202148438,859.0507202148438
3.313573710957728,-1.3008523028011194,-1.8252981767195493,0.978736951587761,0.297771679109084,1.5073668193069074,-0.9245270618678236,1.5750396424651971,1.0,0.0,1.0,0.0,1130,270.9559,859.0440979003906,859.0440979003906
1.419992464497724,-0.7055034662645774,-0.5711640650780532,1.0936091271786803,0.8931052195753741,-0.5379496234942243,1.0816341037975656,-0.6349046544852895,1.0,0.0,1.0,0.0,1485,626.0241,858.9758911132812,858.9758911132812
3.313573710957728,-0.6499605783576538,-2.138831704629924,-1.318706560230632,-1.4882289422897863,-1.56060784489479,-0.9245270618678236,-0.6349046544852895,0.0,1.0,1.0,0.0,1153,294.1328,858.8671875,858.8671875
-0.47358878196228,-0.2305476613702669,-0.414397301122866,-0.974090033457873,0.297771679109084,-0.0266205127939412,-0.9245270618678236,-0.6349046544852895,1.0,0.0,1.0,0.0,1713,854.3156,858.6843872070312,858.6843872070312
1.419992464497724,-1.114421179679956,-0.1008637732124919,-0.2848569799123551,0.8931052195753741,0.4847085979063416,-0.9245270618678236,-0.6349046544852895,1.0,0.0,1.0,0.0,1226,367.3392,858.6607971191406,858.6607971191406
-0.47358878196228,0.9871899127280768,-2.138831704629924,0.4043760736331627,1.4884387600416644,1.5073668193069074,-0.9245270618678236,1.5750396424651971,0.0,1.0,1.0,0.0,1766,907.41846,858.58154296875,858.58154296875
-0.47358878196228,-0.9353902670300848,0.2126697546978821,1.4382256539514395,-1.4882289422897863,-0.0266205127939412,-0.9245270618678236,-0.6349046544852895,1.0,0.0,1.0,0.0,1278,419.74005,858.2599487304688,858.2599487304688
1.419992464497724,-0.6558667469023433,-0.257630537167679,1.32335347836052,0.297771679109084,-0.5379496234942243,-0.9245270618678236,-0.6349046544852895,0.0,1.0,1.0,0.0,1485,626.7852,858.2147827148438,858.2147827148438
-0.47358878196228,-1.1990478010590335,0.3694365186530692,-0.8592178578669534,1.4884387600416644,-0.5379496234942243,1.0816341037975656,-0.6349046544852895,1.0,0.0,1.0,0.0,1174,316.1742,857.8258056640625,857.8258056640625
-0.47358878196228,-0.4700231648797522,0.3694365186530692,0.978736951587761,-0.2975618613572061,-0.0266205127939412,1.0816341037975656,-0.6349046544852895,1.0,0.0,1.0,0.0,1480,622.4262,857.5737915039062,857.5737915039062
-0.47358878196228,0.661469906748996,-1.0414643569436144,1.5530978295423592,-1.4882289422897863,0.4847085979063416,1.0816341037975656,-0.6349046544852895,0.0,1.0,1.0,0.0,1733,875.5289,857.4711303710938,857.4711303710938
-0.47358878196228,0.2534341533314866,-2.138831704629924,-1.2038343846397124,1.4884387600416644,1.5073668193069074,-0.9245270618678236,1.5750396424651971,0.0,1.0,1.0,0.0,1605,747.7925,857.20751953125,857.20751953125
-0.47358878196228,-1.274511858385209,-0.414397301122866,-0.1699848043214355,-1.4882289422897863,-0.0266205127939412,-0.9245270618678236,-0.6349046544852895,0.0,1.0,1.0,0.0,1121,263.91013,857.0898742675781,857.0898742675781
-0.47358878196228,-0.7068680589987567,-1.0414643569436144,-0.974090033457873,1.4884387600416644,-1.0492787341945071,1.0816341037975656,-0.6349046544852895,0.0,1.0,1.0,0.0,1287,430.10617,856.8938293457031,856.8938293457031
1.419992464497724,-0.4704527572500691,0.6829700465634434,0.0597595468604037,0.8931052195753741,-1.56060784489479,1.0816341037975656,-0.6349046544852895,0.0,1.0,1.0,0.0,1443,586.1814,856.818603515625,856.818603515625
-0.47358878196228,-0.4472039640230628,0.3694365186530692,-0.2848569799123551,-0.2975618613572061,1.5073668193069074,1.0816341037975656,1.5750396424651971,1.0,0.0,1.0,0.0,1372,515.4559,856.5441284179688,856.5441284179688
-0.47358878196228,-1.0865449934699056,-0.8846975929884272,0.978736951587761,1.4884387600416644,0.4847085979063416,1.0816341037975656,-0.6349046544852895,1.0,0.0,1.0,0.0,1136,279.67096,856.3290405273438,856.3290405273438
-0.47358878196228,-1.071786150773664,-0.7279308290332401,-0.7443456822760337,-0.8928954018234964,-1.0492787341945071,1.0816341037975656,-0.6349046544852895,0.0,1.0,1.0,0.0,1163,306.6864,856.3135986328125,856.3135986328125
-0.47358878196228,-0.5381679174943187,-0.8846975929884272,-0.3997291555032748,-0.8928954018234964,0.4847085979063416,1.0816341037975656,-0.6349046544852895,1.0,0.0,1.0,0.0,1427,570.8248,856.1751708984375,856.1751708984375
-0.47358878196228,3.509071058358125,0.0559029907426951,1.2084813027696002,-1.4882289422897863,-1.0492787341945071,-0.9245270618678236,-0.6349046544852895,1.0,0.0,1.0,0.0,647,1502.8544,-855.8543701171875,855.8543701171875
-0.47358878196228,-0.2754957332323213,0.2126697546978821,-0.3997291555032748,0.8931052195753741,-0.0266205127939412,-0.9245270618678236,-0.6349046544852895,1.0,0.0,1.0,0.0,1698,842.1784,855.8215942382812,855.8215942382812
-0.47358878196228,-0.9236719565508472,0.8397368105186305,1.2084813027696002,-0.2975618613572061,0.9960377086066246,1.0816341037975656,1.5750396424651971,1.0,0.0,1.0,0.0,1212,356.4307,855.5693054199219,855.5693054199219
-0.47358878196228,-0.4774624997260535,-0.257630537167679,-1.4335787358215517,-0.8928954018234964,-0.5379496234942243,-0.9245270618678236,-0.6349046544852895,1.0,0.0,1.0,0.0,1549,693.49524,855.5047607421875,855.5047607421875
-0.47358878196228,-1.2061463941360169,0.5262032826082563,0.4043760736331627,0.8931052195753741,-0.0266205127939412,1.0816341037975656,-0.6349046544852895,0.0,1.0,1.0,0.0,1152,296.9407,855.0592956542969,855.0592956542969
-0.47358878196228,-0.350194637997836,-0.414397301122866,-1.4335787358215517,-0.8928954018234964,-0.5379496234942243,-0.9245270618678236,-0.6349046544852895,0.0,1.0,1.0,0.0,1615,760.126,854.8740234375,854.8740234375
1.419992464497724,0.481138395624611,1.4668038663393788,-1.2038343846397124,-0.8928954018234964,0.4847085979063416,-0.9245270618678236,-0.6349046544852895,1.0,0.0,1.0,0.0,1703,848.21277,854.7872314453125,854.7872314453125
1.419992464497724,0.4100521519838917,0.0559029907426951,-0.3997291555032748,1.4884387600416644,1.5073668193069074,-0.9245270618678236,1.5750396424651971,1.0,0.0,1.0,0.0,1733,878.9162,854.0838012695312,854.0838012695312
-0.47358878196228,-0.4077650216353005,1.3100371023841917,1.32335347836052,-0.8928954018234964,0.9960377086066246,-0.9245270618678236,1.5750396424651971,1.0,0.0,1.0,0.0,1422,567.9779,854.0220947265625,854.0220947265625
3.313573710957728,0.0684747476151017,1.4668038663393788,1.5530978295423592,-1.4882289422897863,0.4847085979063416,-0.9245270618678236,-0.6349046544852895,1.0,0.0,1.0,0.0,1652,798.0242,853.975830078125,853.975830078125
-0.47358878196228,0.8165005940751131,1.3100371023841917,0.1746317224513234,-0.2975618613572061,-0.0266205127939412,-0.9245270618678236,-0.6349046544852895,1.0,0.0,1.0,0.0,1753,899.605,853.39501953125,853.39501953125
-0.47358878196228,-0.584045213841507,-0.414397301122866,-1.0889622090487927,0.8931052195753741,0.4847085979063416,-0.9245270618678236,-0.6349046544852895,1.0,0.0,1.0,0.0,1499,645.71136,853.2886352539062,853.2886352539062
-0.47358878196228,0.5533262806625155,-1.0414643569436144,-0.6294735066851141,-0.2975618613572061,-0.0266205127939412,1.0816341037975656,-0.6349046544852895,0.0,1.0,1.0,0.0,1683,830.06805,852.9319458007812,852.9319458007812
1.419992464497724,0.0936942156939904,1.3100371023841917,1.2084813027696002,1.4884387600416644,1.5073668193069074,-0.9245270618678236,1.5750396424651971,1.0,0.0,1.0,0.0,1477,624.1041,852.8958740234375,852.8958740234375
-0.47358878196228,-0.0511772903183638,-0.257630537167679,-0.5146013310941945,-0.8928954018234964,-0.0266205127939412,-0.9245270618678236,-0.6349046544852895,1.0,0.0,1.0,0.0,1735,882.15643,852.8435668945312,852.8435668945312
-0.47358878196228,-0.4305464817907354,-0.414397301122866,-1.318706560230632,0.297771679109084,-1.56060784489479,-0.9245270618678236,-0.6349046544852895,0.0,1.0,1.0,0.0,1553,700.2225,852.7775268554688,852.7775268554688
-0.47358878196228,-1.282299083891956,0.8397368105186305,-0.7443456822760337,-1.4882289422897863,0.9960377086066246,1.0816341037975656,1.5750396424651971,0.0,1.0,1.0,0.0,1124,271.61435,852.3856506347656,852.3856506347656
-0.47358878196228,0.2361470300129649,-0.8846975929884272,-0.974090033457873,-1.4882289422897863,-0.0266205127939412,1.0816341037975656,-0.6349046544852895,1.0,0.0,1.0,0.0,1715,862.6537,852.3463134765625,852.3463134765625
-0.47358878196228,-0.3885493574244882,-0.5711640650780532,-0.974090033457873,-0.2975618613572061,-1.56060784489479,1.0816341037975656,-0.6349046544852895,0.0,1.0,1.0,0.0,1523,670.93274,852.0672607421875,852.0672607421875
-0.47358878196228,-0.592360689283927,0.5262032826082563,-1.4335787358215517,-0.2975618613572061,-0.0266205127939412,1.0816341037975656,-0.6349046544852895,1.0,0.0,1.0,0.0,1392,540.7197,851.2802734375,851.2802734375
-0.47358878196228,-0.8738473826842447,0.6829700465634434,-0.5146013310941945,-0.2975618613572061,0.4847085979063416,1.0816341037975656,-0.6349046544852895,1.0,0.0,1.0,0.0,1243,391.73514,851.2648620605469,851.2648620605469
1.419992464497724,-0.6420623590617409,0.5262032826082563,1.2084813027696002,1.4884387600416644,1.5073668193069074,1.0816341037975656,1.5750396424651971,0.0,1.0,1.0,0.0,1304,452.77396,851.2260437011719,851.2260437011719
-0.47358878196228,-0.2064525254493533,-0.7279308290332401,-0.1699848043214355,-1.4882289422897863,-0.0266205127939412,1.0816341037975656,-0.6349046544852895,0.0,1.0,1.0,0.0,1628,776.86566,851.1343383789062,851.1343383789062
1.419992464497724,-0.1196376721338198,0.5262032826082563,-0.2848569799123551,0.297771679109084,-0.5379496234942243,1.0816341037975656,-0.6349046544852895,0.0,1.0,1.0,0.0,1677,825.95856,851.0414428710938,851.0414428710938
-0.47358878196228,-0.0377350655389859,0.5262032826082563,-0.2848569799123551,0.8931052195753741,0.4847085979063416,1.0816341037975656,-0.6349046544852895,0.0,1.0,1.0,0.0,1721,870.08105,850.9189453125,850.9189453125
-0.47358878196228,-1.4659005461541863,-1.8252981767195493,1.2084813027696002,1.4884387600416644,1.5073668193069074,-0.9245270618678236,1.5750396424651971,1.0,0.0,1.0,0.0,1030,179.17116,850.8288421630859,850.8288421630859
-0.47358878196228,-0.2703400319815554,1.3100371023841917,0.7489926004059216,-1.4882289422897863,0.4847085979063416,-0.9245270618678236,-0.6349046544852895,0.0,1.0,1.0,0.0,1442,592.00977,849.990234375,849.990234375
-0.47358878196228,0.8349562331874496,-0.7279308290332401,0.1746317224513234,-1.4882289422897863,1.5073668193069074,1.0816341037975656,1.5750396424651971,1.0,0.0,1.0,0.0,1538,688.306,849.6939697265625,849.6939697265625
-0.47358878196228,-0.6021817180358244,0.3694365186530692,1.0936091271786803,-1.4882289422897863,-1.56060784489479,1.0816341037975656,-0.6349046544852895,0.0,1.0,1.0,0.0,1462,612.32983,849.670166015625,849.670166015625
-0.47358878196228,-0.4101182118296872,0.2126697546978821,1.6679700051332789,1.4884387600416644,-0.0266205127939412,-0.9245270618678236,-0.6349046544852895,1.0,0.0,1.0,0.0,1601,752.4129,848.5870971679688,848.5870971679688
1.419992464497724,1.4340599039915665,0.0559029907426951,0.8638647759968413,-0.8928954018234964,-1.0492787341945071,-0.9245270618678236,-0.6349046544852895,0.0,1.0,1.0,0.0,430,1278.3749,-848.3748779296875,848.3748779296875
-0.47358878196228,-0.8194826620365855,-0.257630537167679,0.2895038980422431,-0.2975618613572061,0.4847085979063416,-0.9245270618678236,-0.6349046544852895,0.0,1.0,1.0,0.0,1323,474.9332,848.0668029785156,848.0668029785156
-0.47358878196228,-0.5809604737892077,1.1532703384290046,1.32335347836052,0.297771679109084,-0.5379496234942243,-0.9245270618678236,-0.6349046544852895,0.0,1.0,1.0,0.0,1294,446.09268,847.9073181152344,847.9073181152344
-0.47358878196228,0.8515858021725894,1.4668038663393788,-0.0551126287305158,-1.4882289422897863,0.4847085979063416,-0.9245270618678236,-0.6349046544852895,0.0,1.0,1.0,0.0,1731,883.3822,847.6177978515625,847.6177978515625
-0.47358878196228,-0.5754924627543433,-0.7279308290332401,-0.0551126287305158,-0.2975618613572061,-1.0492787341945071,1.0816341037975656,-0.6349046544852895,0.0,1.0,1.0,0.0,1459,611.3941,847.6058959960938,847.6058959960938
-0.47358878196228,-0.7455929782354672,-0.257630537167679,0.1746317224513234,-0.2975618613572061,-0.0266205127939412,-0.9245270618678236,-0.6349046544852895,1.0,0.0,1.0,0.0,1398,550.6278,847.3721923828125,847.3721923828125
-0.47358878196228,-0.7538883813854454,-0.1008637732124919,1.2084813027696002,-1.4882289422897863,-1.0492787341945071,-0.9245270618678236,-0.6349046544852895,0.0,1.0,1.0,0.0,1486,638.6385,847.3615112304688,847.3615112304688
1.419992464497724,-0.6575622945758033,-0.414397301122866,-1.663323087003391,1.4884387600416644,-0.5379496234942243,-0.9245270618678236,-0.6349046544852895,0.0,1.0,1.0,0.0,1506,659.13574,846.8642578125,846.8642578125
-0.47358878196228,0.0082709493917762,1.3100371023841917,-1.663323087003391,0.297771679109084,0.4847085979063416,-0.9245270618678236,-0.6349046544852895,1.0,0.0,1.0,0.0,1569,722.2142,846.7858276367188,846.7858276367188
-0.47358878196228,0.2349194210775079,0.9965035744738177,1.32335347836052,-0.8928954018234964,0.9960377086066246,1.0816341037975656,1.5750396424651971,1.0,0.0,1.0,0.0,1623,776.25415,846.745849609375,846.745849609375
-0.47358878196228,-0.8233005565163689,-0.7279308290332401,0.5192482492240824,0.297771679109084,-0.5379496234942243,1.0816341037975656,-0.6349046544852895,1.0,0.0,1.0,0.0,1357,510.54044,846.4595642089844,846.4595642089844
-0.47358878196228,0.2298122706919695,0.6829700465634434,-1.318706560230632,1.4884387600416644,0.9960377086066246,1.0816341037975656,1.5750396424651971,0.0,1.0,1.0,0.0,1716,870.067,845.9329833984375,845.9329833984375
-0.47358878196228,0.8859658701839443,1.4668038663393788,0.0597595468604037,-1.4882289422897863,0.9960377086066246,-0.9245270618678236,1.5750396424651971,0.0,1.0,1.0,0.0,1758,912.13995,845.8600463867188,845.8600463867188
-0.47358878196228,-0.6617497698484254,-0.257630537167679,-1.2038343846397124,0.8931052195753741,-0.0266205127939412,-0.9245270618678236,-0.6349046544852895,0.0,1.0,1.0,0.0,1488,642.2303,845.7697143554688,845.7697143554688
-0.47358878196228,-1.2858474461932607,0.8397368105186305,1.6679700051332789,0.297771679109084,0.9960377086066246,1.0816341037975656,1.5750396424651971,0.0,1.0,1.0,0.0,1133,287.45782,845.5421752929688,845.5421752929688
-0.47358878196228,-0.0779717385529676,0.6829700465634434,1.4382256539514395,0.297771679109084,-0.0266205127939412,1.0816341037975656,-0.6349046544852895,1.0,0.0,1.0,0.0,1629,783.5118,845.4882202148438,845.4882202148438
1.419992464497724,-0.7601551677509585,0.0559029907426951,0.1746317224513234,1.4884387600416644,0.4847085979063416,-0.9245270618678236,-0.6349046544852895,1.0,0.0,1.0,0.0,1390,544.52686,845.47314453125,845.47314453125
-0.47358878196228,0.9163620719881136,-0.5711640650780532,-0.8592178578669534,-0.2975618613572061,-1.0492787341945071,1.0816341037975656,-0.6349046544852895,0.0,1.0,1.0,0.0,308,1153.0874,-845.08740234375,845.08740234375
-0.47358878196228,-0.2043571763468588,-0.257630537167679,1.5530978295423592,-1.4882289422897863,0.4847085979063416,-0.9245270618678236,-0.6349046544852895,1.0,0.0,1.0,0.0,1667,822.117,844.8829956054688,844.8829956054688
-0.47358878196228,-0.1539514319402586,-1.0414643569436144,0.978736951587761,0.8931052195753741,-1.0492787341945071,1.0816341037975656,-0.6349046544852895,1.0,0.0,1.0,0.0,1479,634.2562,844.7437744140625,844.7437744140625
-0.47358878196228,-0.4091580880791471,-0.5711640650780532,0.7489926004059216,-1.4882289422897863,0.4847085979063416,1.0816341037975656,-0.6349046544852895,0.0,1.0,1.0,0.0,1529,684.47797,844.5220336914062,844.5220336914062
1.419992464497724,-1.4556379421880996,1.4668038663393788,0.4043760736331627,-0.2975618613572061,0.9960377086066246,-0.9245270618678236,1.5750396424651971,0.0,1.0,1.0,0.0,1105,260.4934,844.506591796875,844.506591796875
-0.47358878196228,-0.6468721345402952,-0.8846975929884272,-0.1699848043214355,-0.2975618613572061,-1.56060784489479,1.0816341037975656,-0.6349046544852895,1.0,0.0,1.0,0.0,1348,503.5142,844.4858093261719,844.4858093261719
1.419992464497724,0.1791676408911564,0.3694365186530692,1.6679700051332789,-0.2975618613572061,-0.5379496234942243,1.0816341037975656,-0.6349046544852895,0.0,1.0,1.0,0.0,1757,912.5621,844.4379272460938,844.4379272460938
-0.47358878196228,-1.09704497160841,0.5262032826082563,-0.5146013310941945,1.4884387600416644,0.9960377086066246,1.0816341037975656,1.5750396424651971,1.0,0.0,1.0,0.0,1134,289.6271,844.3728942871094,844.3728942871094
-0.47358878196228,0.0675629121120225,-0.8846975929884272,-0.974090033457873,-0.2975618613572061,-1.56060784489479,1.0816341037975656,-0.6349046544852895,0.0,1.0,1.0,0.0,1652,807.6821,844.31787109375,844.31787109375
-0.47358878196228,-0.7929300566187467,0.3694365186530692,1.6679700051332789,1.4884387600416644,-0.0266205127939412,1.0816341037975656,-0.6349046544852895,1.0,0.0,1.0,0.0,1342,497.78558,844.2144165039062,844.2144165039062
1.419992464497724,0.1162243669719857,1.3100371023841917,-1.318706560230632,-0.2975618613572061,0.4847085979063416,-0.9245270618678236,-0.6349046544852895,0.0,1.0,1.0,0.0,1573,729.1136,843.8864135742188,843.8864135742188
-0.47358878196228,-0.2049281808625997,-0.1008637732124919,-1.663323087003391,1.4884387600416644,-0.5379496234942243,-0.9245270618678236,-0.6349046544852895,1.0,0.0,1.0,0.0,1722,878.1716,843.8284301757812,843.8284301757812
-0.47358878196228,-0.0905342485852293,-0.5711640650780532,0.7489926004059216,0.297771679109084,0.4847085979063416,1.0816341037975656,-0.6349046544852895,1.0,0.0,1.0,0.0,1719,875.1931,843.806884765625,843.806884765625
-0.47358878196228,0.1149029538332495,0.2126697546978821,0.0597595468604037,0.297771679109084,0.9960377086066246,-0.9245270618678236,1.5750396424651971,1.0,0.0,1.0,0.0,1644,800.2551,843.744873046875,843.744873046875
